term,score,,,,,,
aba,-1,,,,,,
abash,-1,,,,,,
abate,-2,,,,,,
abdicate,-2,,,,,,
abduct,-2,,,,,,
abject,-2,,,,,,
abnegate,-1,,,,,,
aboki,-1,,,,,,
abolish,-2,,,,,,
abomina,-2,,,,,,
abominable,-1,,,,,,
abortive,-1,,,,,,
abrasive,-2,,,,,,
abreast,1,,,,,,
abrupt,-1,,,,,,
abruptly,-1,,,,,,
abscond,-1,,,,,,
absence,-1,,,,,,
absent,-1,,,,,,
absolutely,-1,,,,,,
absorb,1,,,,,,
absorbed,-1,,,,,,
absurd,-1,,,,,,
abundantly,1,,,,,,
abuse,-2,,,,,,
abusive,-2,,,,,,
abyss,-2,,,,,,
acceptable,2,,,,,,
accessible,1,,,,,,
acclaim,1,,,,,,
accolade,2,,,,,,
accomplish,2,,,,,,
accost,-2,,,,,,
accountable,2,,,,,,
accurate,2,,,,,,
accurately,2,,,,,,
accursed,-2,,,,,,
accusation,-2,,,,,,
acerb,-2,,,,,,
ache,-2,,,,,,
achen,1,,,,,,
acher,1,,,,,,
acheson,1,,,,,,
acheta,1,,,,,,
aching,-2,,,,,,
acrid,-2,,,,,,
acrimon,-2,,,,,,
acrimonious,-2,,,,,,
active,1,,,,,,
adept,2,,,,,,
adequate,1,,,,,,
admir,1,,,,,,
admiral,1,,,,,,
admire,2,,,,,,
admoni,-2,,,,,,
ador,2,,,,,,
adorable,2,,,,,,
adoring,1,,,,,,
adorn,1,,,,,,
adorn,1,,,,,,
adroit,2,,,,,,
adulteror,-1,,,,,,
adultery,-1,,,,,,
advance,1,,,,,,
advers,-2,,,,,,
affab,2,,,,,,
affectation,-2,,,,,,
affected,-1,,,,,,
affection,2,,,,,,
affectionate,1,,,,,,
affiance,1,,,,,,
afflict,-2,,,,,,
affordable,1,,,,,,
afraid,-2,,,,,,
agbaya,-1,,,,,,
agbero,-1,,,,,,
aggress,-2,,,,,,
aggressive,-2,,,,,,
aggressively,-2,,,,,,
aggrieve,-2,,,,,,
aghast,-2,,,,,,
agitate,-1,,,,,,
agonis,-1,,,,,,
agoniz,-1,,,,,,
agony,-1,,,,,,
agreeab,1,,,,,,
aimless,-2,,,,,,
ajebo,-1,,,,,,
ajebutter,1,,,,,,
ajekpako,-1,,,,,,
akagum,-1,,,,,,
akonuche,1,,,,,,
akpruka,1,,,,,,
alarm,-1,,,,0,,
alarming,-1,,,1,801,,
alas,-1,,,2,338,,
alibi,-1,,,-1,1509,,
alien,-1,,,-2,1438,,
alienat,-1,,,Total,4086,,
align,1,,,,,,
alive ,1,,,,,,
allegation,-2,,,,,,
alleviate,1,,,,,,
alluviation,1,,,,,,
alluvion,-1,,,,,,
alol,2,,,,,,
alone,-1,,,,,,
aloof,-2,,,,,,
altercate,-1,,,,,,
altercation,-2,,,,,,
ambiguous,-2,,,,,,
ambitious,1,,,,,,
ambivalent,-2,,,,,,
amebo,-1,,,,,,
ameliorate,2,,,,,,
amicably,1,,,,,,
amiss,-2,,,,,,
amor,2,,,,,,
amoral,-1,,,,,,
amort,1,,,,,,
amour,2,,,,,,
amputate,-2,,,,,,
amus,2,,,,,,
amusing,1,,,,,,
anarchist,-2,,,,,,
anarchy,-2,,,,,,
angelic,2,,,,,,
anger,-2,,,,,,
angr,-2,,,,,,
angraecum,1,,,,,,
angrecum,1,,,,,,
angry,-2,,,,,,
anguish,-1,,,,,,
animal,-2,,,,,,
animosity,-2,,,,,,
annihilate,-1,,,,,,
annihilation,-2,,,,,,
annoy,-2,,,,,,
annoyance,-1,,,,,,
annoyed,-2,,,,,,
annoyingly,-2,,,,,,
anomalous,-2,,,,,,
anomaly,-2,,,,,,
ansa,1,,,,,,
anserine,-1,,,,,,
antagoni,-2,,,,,,
antipathy,-2,,,,,,
antiquated,-2,,,,,,
anti-social,-2,,,,,,
antitrust,-2,,,,,,
anxi,-1,,,,,,
anxious,-1,,,,,,
anyhow,-1,,,,,,
aok,2,,,,,,
apath,-2,,,,,,
aplomb,1,,,,,,
apologize,1,,,,,,
apologise ,1,,,,,,
appal,-1,,,,,,
appall,-1,,,,,,
appalling,-1,,,,,,
appease,1,,,,,,
applaud,2,,,,,,
applaudable,1,,,,,,
applause,2,,,,,,
appreciate,2,,,,,,
apprehens,-1,,,,,,
apprehension,-1,,,,,,
apprize,2,,,,,,
approachable,1,,,,,,
aproko,-1,,,,,,
arbitrary,-2,,,,,,
ardent,1,,,,,,
arduous,-2,,,,,,
argh,-1,,,,,,
argu,-1,,,,,,
argue,-1,,,,,,
argufy,-1,,,,,,
aroused,-1,,,,,,
arrant,1,,,,,,
arrest,-1,,,,,,
arrogan,-1,,,,,,
arrogant,-2,,,,,,
arsehole,-1,,,,,,
artful,-1,,,,,,
artificial,-1,,,,,,
ashawo,-1,,,,,,
ashawoquarter,-1,,,,,,
ashewo,-1,,,,,,
ashi,-1,,,,,,
ashy,-1,,,,,,
asinine,-2,,,,,,
asphyxiate,-1,,,,,,
assail,-1,,,,,,
assassin,-1,,,,,,
assassinate,-2,,,,,,
assault,-2,,,,,,
asshole,-2,,,,,,
assuage,1,,,,,,
assuredness,1,,,,,,
asswipe,-1,,,,,,
astonish,1,,,,,,
astound,1,,,,,,
astray,-2,,,,,,
asunder,-2,,,,,,
atrocious,-1,,,,,,
atrophy,-2,,,,,,
attachment,1,,,,,,
attack,-2,,,,,,
attain,1,,,,,,
attract,1,,,,,,
attractive,1,,,,,,
audacious,1,,,,,,
auster,-2,,,,,,
authorise,1,,,,,,
authorize,1,,,,,,
autocrat,-2,,,,,,
autocratic,-1,,,,,,
available,2,,,,,,
avaric,-1,,,,,,
avaricious,-1,,,,,,
avenge,-2,,,,,,
aversi,-1,,,,,,
avert,-2,,,,,,
avid,-1,,,,,,
avoid,-2,,,,,,
award,1,,,,,,
awesome,2,,,,,,
awful,-1,,,,,,
awkward,-2,,,,,,
awoof,2,,,,,,
awuf,2,,,,,,
babble,-2,,,,,,
babe,1,,,,,,
babies,2,,,,,,
baby,2,,,,,,
backwardness,-2,,,,,,
bad,-2,,,,,,
badbelle,-1,,,,,,
badgan,1,,,,,,
badly,-2,,,,,,
badmouth,-2,,,,,,
badness,-1,,,,,,
baffle,-1,,,,,,
baffling,-1,,,,,,
bail,-2,,,,,,
bait,-2,,,,,,
balderdash,-2,,,,,,
balk,-2,,,,,,
baloney,-2,,,,,,
bam,1,,,,,,
bamboozle,-1,,,,,,
ban,-2,,,,,,
banal,-2,,,,,,
bandit,-2,,,,,,
bane,-1,,,,,,
bang,-1,,,,,,
banish,-2,,,,,,
banish ,-1,,,,,,
bankrupt,-2,,,,,,
banned,-1,,,,,,
barbari,-2,,,,,,
barbarian,-2,,,,,,
barbarous,-1,,,,,,
barf,-2,,,,,,
barrack,1,,,,,,
barren,-2,,,,,,
barrier,-2,,,,,,
bashful,-2,,,,,,
bask,1,,,,,,
bastard,-2,,,,,,
battle,-1,,,,,,
beast,-2,,,,,,
beastly,-2,,,,,,
beat,-1,,,,,,
beaten,-1,,,,,,
beatings,-2,,,,,,
beautiful,2,,,,,,
beautifully,1,,,,,,
beautify,1,,,,,,
beautyluv,1,,,,,,
becalm,1,,,,,,
becharm,-1,,,,,,
bedevil,-1,,,,,,
beef,-1,,,,,,
befoul,-1,,,,,,
befuddle,-1,,,,,,
beg,-2,,,,,,
beggar,-2,,,,,,
begrime,-1,,,,,,
beguile,-1,,,,,,
beguiler,-1,,,,,,
behead,-2,,,,,,
belated,-2,,,,,,
beleaguer,-1,,,,,,
belie,-2,,,,,,
belittle,-2,,,,,,
bellefull,1,,,,,,
belligerent,-2,,,,,,
beloved,1,,,,,,
bemire,-1,,,,,,
beneficial,1,,,,,,
benefit,1,,,,,,
benefitt,2,,,,,,
benevolen,2,,,,,,
benign,2,,,,,,
bereave,-1,,,,,,
bereft,-2,,,,,,
berekete,2,,,,,,
berk,-2,,,,,,
berra,1,,,,,,
berserk,-2,,,,,,
beseech,-2,,,,,,
beset,-2,,,,,,
beshrew,-1,,,,,,
besiege,-2,,,,,,
best,2,,,,,,
bestchoice,2,,,,,,
beta,1,,,,,,
betray,-2,,,,,,
betroth,1,,,,,,
betrothal,2,,,,,,
better,2,,,,,,
beware,-2,,,,,,
bewilder,-1,,,,,,
bewitch,-1,,,,,,
bewray,-2,,,,,,
bff,1,,,,,,
big,1,,,,,,
bigman,1,,,,,,
bigot,-2,,,,,,
bilge,-2,,,,,,
billing,-1,,,,,,
birdbrain,-2,,,,,,
bitch,-2,,,,,,
bitter,-2,,,,,,
bitterly,-2,,,,,,
bittern,1,,,,,,
bitterns,1,,,,,,
bittersweet,1,,,,,,
bizarre,-1,,,,,,
bizzy ,-1,,,,,,
blackguard,-1,,,,,,
blackmail,-2,,,,,,
blah,-2,,,,,,
blam,-2,,,,,,
blame,-1,,,,,,
blameless,2,,,,,,
bland,-2,,,,,,
blank,-2,,,,,,
blare,-1,,,,,,
blaspheme,-1,,,,,,
blast,-2,,,,,,
blatant,-2,,,,,,
blather,-2,,,,,,
blazing,-2,,,,,,
bleak,-2,,,,,,
bleed,-1,,,,,,
blemish,-2,,,,,,
blend,1,,,,,,
bless,1,,,,,,
blessed,1,,,,,,
blind,-1,,,,,,
bliss,1,,,,,,
blissful,1,,,,,,
blistering,-2,,,,,,
block,-1,,,,,,
blockhead,-2,,,,,,
bloodhot,1,,,,,,
bloodshed,-2,,,,,,
bloodthirsty,-2,,,,,,
bloody,-2,,,,,,
blow,-1,,,,,,
blunder,-2,,,,,,
blunt,-1,,,,,,
blur,-1,,,,,,
blurt,-2,,,,,,
boast,-1,,,,,,
bogus,-2,,,,,,
boil,-2,,,,,,
boisterous,-2,,,,,,
boku,1,,,,,,
bold,1,,,,,,
bolt,-2,,,,,,
bomb,-2,,,,,,
bombard,-1,,,,,,
bombom,-1,,,,,,
bondage,-2,,,,,,
bone,-1,,,,,,
bonehead,-2,,,,,,
boning,-1,,,,,,
bonny,2,,,,,,
bonus,1,,,,,,
boom,1,,,,,,
boost,1,,,,,,
boot,-1,,,,,,
bore,-1,,,,,,
bored,-1,,,,,,
boring,-1,,,,,,
borrow,-2,,,,,,
boss,1,,,,,,
bother,-1,,,,,,
botheration,-1,,,,,,
botti,1,,,,,,
bountiful,2,,,,,,
brag,-2,,,,,,
brag,-1,,,,,,
brainsick,-1,,,,,,
brainy,1,,,,,,
brandish,-2,,,,,,
brassy ,-1,,,,,,
brat,-2,,,,,,
bravado,-2,,,,,,
brave,2,,,,,,
brawl,-2,,,,,,
brazen,-2,,,,,,
breach,-2,,,,,,
breakdown,-2,,,,,,
bribe,-2,,,,,,
bright,1,,,,,,
brighten,1,,,,,,
brilliant,1,,,,,,
bristle,-2,,,,,,
broke,-2,,,,,,
broken,-2,,,,,,
brokenhearted,-1,,,,,,
broken-hearted,-1,,,,,,
brood,-2,,,,,,
bruise,-2,,,,,,
brusque,-2,,,,,,
brutal,-1,,,,,,
brute,-2,,,,,,
brute,-2,,,,,,
brutish,-2,,,,,,
buckled,-2,,,,,,
buffoon,-2,,,,,,
bug,-2,,,,,,
bullet,-2,,,,,,
bullish,-1,,,,,,
bullshit,-2,,,,,,
bully,-1,,,,,,
bum,-1,,,,,,
bumhole,-2,,,,,,
bungle,-2,,,,,,
bunkum,-2,,,,,,
burden,-2,,,,,,
burgl,-2,,,,,,
buried,-2,,,,,,
burn,-2,,,,,,
burnt,-1,,,,,,
burst,-1,,,,,,
burster,-1,,,,,,
bury,-1,,,,,,
busybody,-2,,,,,,
butchery,-2,,,,,,
cagey,2,,,,,,
cagy,2,,,,,,
calamit,-1,,,,,,
callous,-1,,,,,,
calm,2,,,,,,
calmdown,1,,,,,,
calmness,1,,,,,,
cancel,-2,,,,,,
cancer,-2,,,,,,
cannibal,-2,,,,,,
cannon,-2,,,,,,
capable ,1,,,,,,
capitulate,-2,,,,,,
capricious,-2,,,,,,
capsize,-2,,,,,,
captive,-1,,,,,,
capture,-1,,,,,,
care,1,,,,,,
cared,2,,,,,,
careen,-2,,,,,,
carefree,2,,,,,,
careless,-2,,,,,,
carelessly,-1,,,,,,
cares,2,,,,,,
caring,2,,,,,,
carri,1,,,,,,
casala,-2,,,,,,
cast,-1,,,,,,
castigate,1,,,,,,
casualty,-2,,,,,,
cataclysm,-1,,,,,,
catastrophe,-1,,,,,,
catch,-1,,,,,,
cathexis,-1,,,,,,
caustic,-2,,,,,,
cauterise ,-1,,,,,,
cave,1,,,,,,
cease,-2,,,,,,
celebrate,1,,,,,,
celebrated,1,,,,,,
censor,-2,,,,,,
censure,-2,,,,,,
chafe,-2,,,,,,
challenge,-2,,,,,,
champ,1,,,,,,
champion,1,,,,,,
changeam,-1,,,,,,
chaos,-2,,,,,,
chaotic,-2,,,,,,
charge,-1,,,,,,
charged,-2,,,,,,
charm,1,,,,,,
charnel,-1,,,,,,
chase,-2,,,,,,
chasten,1,,,,,,
chastise,-1,,,,,,
chastise,1,,,,,,
cheap,-1,,,,,,
cheat,-2,,,,,,
cheated,-1,,,,,,
cheater,-1,,,,,,
cheating,-1,,,,,,
cheating,-1,,,,,,
cheer,1,,,,,,
cheerful,2,,,,,,
cheerfulness,1,,,,,,
cheeri,1,,,,,,
cheerio,1,,,,,,
cheerlead,1,,,,,,
cheerless,-2,,,,,,
cherish,2,,,,,,
cherish,2,,,,,,
chess,-1,,,,,,
chicane,-1,,,,,,
chichi,-1,,,,,,
chide,-2,,,,,,
childish,-2,,,,,,
chill,1,,,,,,
chillax,1,,,,,,
china,-1,,,,,,
chinchy,-1,,,,,,
chinco,-1,,,,,,
chinko,-1,,,,,,
chisel,-1,,,,,,
choke,-1,,,,,,
chook,-1,,,,,,
chop,-2,,,,,,
chore,-1,,,,,,
chouse,-1,,,,,,
chronic,-1,,,,,,
chuckl,1,,,,,,
chuk,-1,,,,,,
churchmind,1,,,,,,
chyke,1,,,,,,
clamant,-1,,,,,,
clamor,-1,,,,,,
clamorous,-2,,,,,,
clang,-1,,,,,,
clap,2,,,,,,
clapperclaw,-1,,,,,,
claptrap,-2,,,,,,
clash,-1,,,,,,
clatter,-2,,,,,,
clear,1,,,,,,
clearly,1,,,,,,
clever,2,,,,,,
clique,-2,,,,,,
clog,-1,,,,,,
close,-1,,,,,,
clueless,-2,,,,,,
clumsy,-2,,,,,,
clutter,-2,,,,,,
coarse,-2,,,,,,
cock,-2,,,,,,
cockeyed ,-1,,,,,,
cockiness,-2,,,,,,
cocksucker,-1,,,,,,
cocky,-2,,,,,,
coerc,-1,,,,,,
coherent,1,,,,,,
cold,-1,,,,,,
coldness,-1,,,,,,
collapse,-2,,,,,,
collar ,-1,,,,,,
collide,-2,,,,,,
collision,-2,,,,,,
collusion,-2,,,,,,
combat,-2,,,,,,
combatant,-2,,,,,,
comed,1,,,,,,
comedown,-2,,,,,,
comfort,2,,,,,,
comfortable,1,,,,,,
comfortably,1,,,,,,
comfortless,-1,,,,,,
comfy,1,,,,,,
commemorate,-2,,,,,,
commiseration,-2,,,,,,
commission,-1,,,,,,
commit,1,,,,,,
committed,1,,,,,,
commodious,1,,,,,,
commoner,-2,,,,,,
commonplace,1,,,,,,
commot,-1,,,,,,
commotion,-2,,,,,,
comot,-1,,,,,,
compassion,2,,,,,,
compel,-2,,,,,,
compensate,1,,,,,,
compilation,1,,,,,,
complain,-2,,,,,,
complaining,-2,,,,,,
complained,-2,,,,,,
complaint,-2,,,,,,
complicate,-1,,,,,,
complicated,-1,,,,,,
complication,-2,,,,,,
complicity,-2,,,,,,
compliment,1,,,,,,
composure,1,,,,,,
compulsion,-2,,,,,,
conceal,-2,,,,,,
conceit,-2,,,,,,
concern,-2,,,,,,
concerned,-1,,,,,,
concise ,1,,,,,,
conciliate,1,,,,,,
condemn,-1,,,,,,
condemnation,-2,,,,,,
condemnation,-1,,,,,,
condescen,-1,,,,,,
condol,-1,,,,,,
conducive,2,,,,,,
confam,2,,,,,,
confidence,2,,,,,,
confidences,1,,,,,,
confident,2,,,,,,
confidential,1,,,,,,
confidently,2,,,,,,
confido,1,,,,,,
confine,-2,,,,,,
confined,-1,,,,,,
confinement,-2,,,,,,
confiscate,-2,,,,,,
confiscation,-2,,,,,,
conflict,-1,,,,,,
confound,-1,,,,,,
confront,-2,,,,,,
confuse,-1,,,,,,
confused,-1,,,,,,
confusing,-1,,,,,,
confutative,-1,,,,,,
congest,-1,,,,,,
congested,-2,,,,,,
congestion,-2,,,,,,
congratulate,1,,,,,,
congratulation,1,,,,,,
congratulatory,1,,,,,,
congratulobia,2,,,,,,
consecrate,1,,,,,,
considerate,1,,,,,,
consign,-1,,,,,,
consistent,1,,,,,,
conspicuous,-2,,,,,,
conspiracy,-2,,,,,,
conspirator,-2,,,,,,
conspire,-2,,,,,,
consternation ,-1,,,,,,
constrain,-2,,,,,,
consumptive,-2,,,,,,
contagio,-2,,,,,,
contagious,-1,,,,,,
contaminat,-2,,,,,,
contaminate,-1,,,,,,
contaminating,-1,,,,,,
contemn,-1,,,,,,
contempt,-1,,,,,,
contend,-1,,,,,,
contented,2,,,,,,
contentment,2,,,,,,
contractable,-1,,,,,,
contradic,-2,,,,,,
contrary,-2,,,,,,
contravene,-1,,,,,,
contrivance,-1,,,,,,
contrived,-1,,,,,,
controvers,-2,,,,,,
contumely,-1,,,,,,
contumely ,-1,,,,,,
convenient,1,,,,,,
conveniently,1,,,,,,
convict,-2,,,,,,
convinced,2,,,,,,
convolute,1,,,,,,
cool,2,,,,,,
coole,1,,,,,,
coolest,2,,,,,,
coolly,-2,,,,,,
coolness,-2,,,,,,
copiously,1,,,,,,
coronach,-1,,,,,,
correct,1,,,,,,
corrode,-2,,,,,,
corrosion,-2,,,,,,
corrosive,-2,,,,,,
corrupt,-2,,,,,,
corruptible,-1,,,,,,
corruption,-2,,,,,,
coruscation,1,,,,,,
cosi,2,,,,,,
costliness,-2,,,,,,
costly,-2,,,,,,
cosy,2,,,,,,
counteract,-2,,,,,,
counteraction,-2,,,,,,
counterbalance,1,,,,,,
counterfeit,-2,,,,,,
countless,-1,,,,,,
courteous,1,,,,,,
covert,-2,,,,,,
covet,-2,,,,,,
covetous,-1,,,,,,
coward,-2,,,,,,
cowboy,-1,,,,,,
cozen,-1,,,,,,
cozi,2,,,,,,
cozy,2,,,,,,
crafty,-2,,,,,,
cram,-2,,,,,,
cramp,-2,,,,,,
cranky,-2,,,,,,
crap,-2,,,,,,
crappy,-2,,,,,,
crase,-2,,,,,,
crash,-2,,,,,,
crass,-2,,,,,,
crave,-1,,,,,,
crawcraw,-1,,,,,,
crawl,-1,,,,,,
craz,-1,,,,,,
craze,-2,,,,,,
craze,-1,,,,,,
craziness,-2,,,,,,
crazy,-2,,,,,,
credit,1,,,,,,
crediting,1,,,,,,
creditting,1,,,,,,
creditted,1,,,,,,
credited,1,,,,,,
credulous,-2,,,,,,
cried,-2,,,,,,
cries,-2,,,,,,
crime,-2,,,,,,
criminal,-2,,,,,,
criminate,-1,,,,,,
cringe,-2,,,,,,
cripple,-1,,,,,,
crippled,-1,,,,,,
crisis,-2,,,,,,
critic,-2,,,,,,
critical,-1,,,,,,
critici,-2,,,,,,
criticize,-1,,,,,,
croak,-1,,,,,,
crook,-2,,,,,,
crooked,-2,,,,,,
cross,-2,,,,,,
crow,-1,,,,,,
crucify,-1,,,,,,
cruddy,-1,,,,,,
crude,-2,,,,,,
cruel,-2,,,,,,
crumble,-2,,,,,,
crumple,-2,,,,,,
crunch,-1,,,,,,
crush,1,,,,,,
crushed,-1,,,,,,
crushing,-2,,,,,,
cry,-2,,,,,,
crye,-1,,,,,,
crying,-1,,,,,,
crying,-2,,,,,,
cuckold,-2,,,,,,
cuddl,1,,,,,,
cuddle,1,,,,,,
culpable,-2,,,,,,
culprit,-2,,,,,,
cumbersome,-2,,,,,,
cunt,-2,,,,,,
curse,-1,,,,,,
cursed,-1,,,,,,
cursory,-2,,,,,,
curt,-2,,,,,,
curtail,-2,,,,,,
cuss,-1,,,,,,
cutcap,2,,,,,,
cute,2,,,,,,
cutie,2,,,,,,
cynic,-2,,,,,,
dabaru,-2,,,,,,
dagbo,-2,,,,,,
dagboru,-2,,,,,,
damag,-1,,,,,,
damage,-1,,,,,,
damaged,-1,,,,,,
damn,-1,,,,,,
damp,-1,,,,,,
dandy,2,,,,,,
danger,-2,,,,,,
dangerous,-1,,,,,,
daring,1,,,,,,
dark,-1,,,,,,
darken,-1,,,,,,
darkness,-1,,,,,,
darlin,1,,,,,,
darling,1,,,,,,
darn,-2,,,,,,
darnel,-1,,,,,,
dash,1,,,,,,
daunting,-2,,,,,,
dawdle,-2,,,,,,
daze,-2,,,,,,
deactivate,-1,,,,,,
dead,-2,,,,,,
deadliness,-2,,,,,,
deadlock,-2,,,,,,
deadly,-2,,,,,,
deadweight,-2,,,,,,
deaf,-1,,,,,,
deal,1,,,,,,
dearth,-2,,,,,,
death,-1,,,,,,
debase,-1,,,,,,
debatable ,-1,,,,,,
debate,-1,,,,,,
debauch,-1,,,,,,
debit,-1,,,,,,
debited,-1,,,,,,
debiting,-1,,,,,,
debitting,-1,,,,,,
debitted,-1,,,,,,
debt ,-2,,,,,,
debted,-2,,,,,,
debtor,-2,,,,,,
decadence,-2,,,,,,
decadent,-2,,,,,,
decay,-1,,,,,,
decease,-1,,,,,,
deceased,-1,,,,,,
deceit,-2,,,,,,
deceitful,-1,,,,,,
deceive,-2,,,,,,
deceiver,-1,,,,,,
decent,1,,,,,,
decently,1,,,,,,
decentralise,-1,,,,,,
decentralised,-1,,,,,,
decentralize,-1,,,,,,
decentralized,-1,,,,,,
deception,-2,,,,,,
deceptive,-1,,,,,,
decipher,1,,,,,,
declination,-1,,,,,,
decline,-2,,,,,,
declivity,-1,,,,,,
decode,1,,,,,,
deconcentrate,-1,,,,,,
decorate,1,,,,,,
decrease,-2,,,,,,
decry,-1,,,,,,
decrypt,1,,,,,,
dedicate,1,,,,,,
dedicated,1,,,,,,
deduce,-1,,,,,,
deduct,-1,,,,,,
defam,-2,,,,,,
default,-2,,,,,,
defeat,-1,,,,,,
defeatis,-2,,,,,,
defecate,-1,,,,,,
defect,-2,,,,,,
defective,-2,,,,,,
defendant,-2,,,,,,
defensive,-2,,,,,,
defiance,-2,,,,,,
defiant,-2,,,,,,
deficiency,-2,,,,,,
deficient,-2,,,,,,
deficit,-2,,,,,,
defile,-1,,,,,,
deflect,-1,,,,,,
defraud,-2,,,,,,
defunct,1,,,,,,
defy,-2,,,,,,
degenerate,-1,,,,,,
degrad,-1,,,,,,
degrade,-1,,,,,,
deject,-1,,,,,,
dejected,-2,,,,,,
delay,-2,,,,,,
delaying,-2,,,,,,
delayed,-2,,,,,,
delectable,1,,,,,,
delectation,1,,,,,,
delete,-1,,,,,,
delicious,1,,,,,,
delight,1,,,,,,
delighted,1,,,,,,
delightful,1,,,,,,
delinquency,-2,,,,,,
delinquent,-1,,,,,,
deliquium,-1,,,,,,
delirium,-2,,,,,,
delude,-1,,,,,,
deluge,-1,,,,,,
delusion,-2,,,,,,
delusive,-1,,,,,,
delusory,-1,,,,,,
demean,-1,,,,,,
demeano,1,,,,,,
demented,-1,,,,,,
demise,-2,,,,,,
demolish,-2,,,,,,
demon,-2,,,,,,
demoralise,-1,,,,,,
demoralize,-2,,,,,,
demote,-2,,,,,,
denial,-2,,,,,,
denied,-2,,,,,,
denominate,1,,,,,,
denounce,-2,,,,,,
dense,-1,,,,,,
dent,-1,,,,,,
deny,-1,,,,,,
dependable,2,,,,,,
dependent,-1,,,,,,
deplete,-1,,,,,,
deplorable,-2,,,,,,
deplore,-2,,,,,,
depose,-2,,,,,,
deposit,1,,,,,,
deprave,-1,,,,,,
deprecate,-1,,,,,,
depreciate,-2,,,,,,
depreciation,-2,,,,,,
depress,-2,,,,,,
depressed,-2,,,,,,
depressing,-1,,,,,,
depression,-1,,,,,,
deprive,-1,,,,,,
derelict,-1,,,,,,
deride,-2,,,,,,
derision,-2,,,,,,
derisive,-2,,,,,,
derisory,-1,,,,,,
derogatory,-2,,,,,,
descent,-1,,,,,,
desert,-1,,,,,,
deserting,-2,,,,,,
desertion,-2,,,,,,
designate,1,,,,,,
desirable,1,,,,,,
desirous,1,,,,,,
desolate,-1,,,,,,
desolation,-2,,,,,,
despair,-1,,,,,,
desperate,-1,,,,,,
desperately,-1,,,,,,
despicable,-1,,,,,,
despise,-1,,,,,,
destroy,-1,,,,,,
destroyed,-1,,,,,,
destroyer,-1,,,,,,
destruct,-2,,,,,,
destruction,-2,,,,,,
detachment,-2,,,,,,
detain,-1,,,,,,
deter,-1,,,,,,
deteriorate,-1,,,,,,
determina,1,,,,,,
determined,1,,,,,,
deterrent,-2,,,,,,
detest,-1,,,,,,
detract,-2,,,,,,
detrimental,-2,,,,,,
deuced,-2,,,,,,
devaluate,-2,,,,,,
devalue,-2,,,,,,
devastate,-1,,,,,,
deviate,-2,,,,,,
deviation,-2,,,,,,
devil,-2,,,,,,
devious,-2,,,,,,
devoid,-2,,,,,,
devolve,-1,,,,,,
devote,1,,,,,,
diabolic,-2,,,,,,
dickhead,-2,,,,,,
dictate,-2,,,,,,
dictatorial,-2,,,,,,
die,-2,,,,,,
differ,-1,,,,,,
difference,-1,,,,,,
difficult,-1,,,,,,
diffident,-2,,,,,,
digest,1,,,,,,
digni,2,,,,,,
dignitar,1,,,,,,
dilemma,-2,,,,,,
diligent,1,,,,,,
diligent,2,,,,,,
diligently,1,,,,,,
dim,-1,,,,,,
diminution,-1,,,,,,
dimwit,-2,,,,,,
din,-1,,,,,,
dipshit,-2,,,,,,
dire,-1,,,,,,
dirge,-1,,,,,,
dirt ,-1,,,,,,
dirty,-2,,,,,,
disable,-1,,,,,,
disabled,-1,,,,,,
disadvantage,-2,,,,,,
disagree,-1,,,,,,
disappear,-1,,,,,,
disappearance,-1,,,,,,
disappoint,-2,,,,,,
disappointed,-2,,,,,,
disappointing,-2,,,,,,
disapproval,-2,,,,,,
disarm,-2,,,,,,
disaster,-2,,,,,,
disastrous,-1,,,,,,
disavow,-2,,,,,,
disbelief,-2,,,,,,
disburse,1,,,,,,
discard,-1,,,,,,
discharge,-1,,,,,,
discipline,1,,,,,,
disclaim,-2,,,,,,
discombobulate,-1,,,,,,
discomfort,-1,,,,,,
disconcert,-1,,,,,,
disconcerted,-1,,,,,,
discontent,-2,,,,,,
discord,-2,,,,,,
discordant,-2,,,,,,
discourage,-1,,,,,,
discouraging,-1,,,,,,
discourtesy,-1,,,,,,
discover,1,,,,,,
discredit,-2,,,,,,
discrepant,-2,,,,,,
discriminate,-2,,,,,,
discrimination,-1,,,,,,
discriminative,-1,,,,,,
discriminatory,-1,,,,,,
disdain,-1,,,,,,
disease,-1,,,,,,
disenable,-1,,,,,,
disesteem,-1,,,,,,
disfavour,-1,,,,,,
disgrace,-2,,,,,,
disgraceful,-2,,,,,,
disguise,-2,,,,,,
disgust,-2,,,,,,
disgusting,-2,,,,,,
dishearten,-2,,,,,,
dishonor,-1,,,,,,
dishonorable,-1,,,,,,
disillusion,-2,,,,,,
disingenuous,-2,,,,,,
disingenuous,-1,,,,,,
disinterest,-2,,,,,,
dislike,-1,,,,,,
disliking,-1,,,,,,
dismal,-1,,,,,,
dismay,-1,,,,,,
dismiss,-1,,,,,,
dismissal,-1,,,,,,
disobedience,-1,,,,,,
disobedient,-2,,,,,,
disoblige,-1,,,,,,
disorder,-2,,,,,,
disorganized,-2,,,,,,
disoriented,-1,,,,,,
disparage,-1,,,,,,
dispel,-1,,,,,,
dispirit,-1,,,,,,
displace,-1,,,,,,
displease,-1,,,,,,
displeased,-1,,,,,,
displeasure,-1,,,,,,
disposal,-1,,,,,,
dispose,-1,,,,,,
disproportionate,-1,,,,,,
disprove,-1,,,,,,
disputable,-1,,,,,,
dispute,-1,,,,,,
disputed,-1,,,,,,
disquiet,-1,,,,,,
disregard,-1,,,,,,
disrespect,-1,,,,,,
disrespectful,-1,,,,,,
disrupt,-1,,,,,,
diss,-1,,,,,,
dissapointed,-2,,,,,,
dissatisfied,-2,,,,,,
dissatisfy,-2,,,,,,
dissent,-1,,,,,,
dissolution,-2,,,,,,
dissolve,-1,,,,,,
distort,-2,,,,,,
distract,-1,,,,,,
distraught,-1,,,,,,
distress,-1,,,,,,
distressed,-2,,,,,,
distressing,-1,,,,,,
distribute,1,,,,,,
distrust,-2,,,,,,
disturb,-1,,,,,,
disturbed,-1,,,,,,
disturbing,-1,,,,,,
divert,-1,,,,,,
divest,-1,,,,,,
divine,1,,,,,,
division,-1,,,,,,
divorce,-1,,,,,,
dizziness,-1,,,,,,
dizzy,-1,,,,,,
doamback,-1,,,,,,
doback,-1,,,,,,
dodge,-1,,,,,,
dodging,-1,,,,,,
doldrums,-2,,,,,,
dolikepikin,-1,,,,,,
dolt,-2,,,,,,
domant,-2,,,,,,
dominate,-2,,,,,,
domination,-2,,,,,,
domot,1,,,,,,
dondi,-1,,,,,,
doom,-2,,,,,,
dope,-2,,,,,,
dopey,-1,,,,,,
dopy,-1,,,,,,
dork,-1,,,,,,
dormant,-2,,,,,,
dorty,-1,,,,,,
doting,1,,,,,,
dotty,-1,,,,,,
doubt,-1,,,,,,
doubtful,-1,,,,,,
douchebag,-2,,,,,,
downcast,-1,,,,,,
downfall,-2,,,,,,
downhearted,-1,,,,,,
downslope,-1,,,,,,
drab,-2,,,,,,
drag,-2,,,,,,
dragleg,-2,,,,,,
dramatic,-1,,,,,,
drastic,-1,,,,,,
dread,-1,,,,,,
dreadful,-1,,,,,,
dreary,-2,,,,,,
dribble,-1,,,,,,
drivel,-2,,,,,,
droop,-2,,,,,,
drop,-1,,,,,,
drought,-2,,,,,,
drown,-2,,,,,,
drowsiness,-1,,,,,,
drowsy,-1,,,,,,
drudge,-1,,,,,,
drunk,-1,,,,,,
dubious,-2,,,,,,
dubitable,-1,,,,,,
dull,-2,,,,,,
dumb,-2,,,,,,
dumbfound,-2,,,,,,
dump,-1,,,,,,
dumpcart,1,,,,,,
dumper,1,,,,,,
dumpling,1,,,,,,
dunce,-2,,,,,,
dundee,-1,,,,,,
dunderhead,-2,,,,,,
dungeon,-2,,,,,,
duns,-1,,,,,,
duped,-2,,,,,,
dupe,-2,,,,,,
dusty,-1,,,,,,
duty,1,,,,,,
dwell,1,,,,,,
dwindle,-2,,,,,,
dying,-2,,,,,,
dynamic ,1,,,,,,
dynamism,1,,,,,,
eager,1,,,,,,
earn,1,,,,,,
earnest,1,,,,,,
ease,1,,,,,,
easie,1,,,,,,
easier,1,,,,,,
easily,1,,,,,,
easiness,1,,,,,,
easing,1,,,,,,
easy,1,,,,,,
easygoing,2,,,,,,
eccentric,-1,,,,,,
eccentricity,-1,,,,,,
ecsta,1,,,,,,
edify,1,,,,,,
edoncast,-1,,,,,,
edorcast,-1,,,,,,
educative,1,,,,,,
eejit,-1,,,,,,
effective,1,,,,,,
efficient,1,,,,,,
effortlessly,-1,,,,,,
efiko,1,,,,,,
egotis,-1,,,,,,
egress,1,,,,,,
eject,-1,,,,,,
elaborate,1,,,,,,
elapse,-1,,,,,,
elegan,2,,,,,,
elegy,-1,,,,,,
elevate,1,,,,,,
eliminate,-1,,,,,,
elimination,-1,,,,,,
eloquent,1,,,,,,
elucidate,1,,,,,,
elude,-1,,,,,,
elusive,-1,,,,,,
embarrass,-1,,,,,,
embarrassed,-1,,,,,,
embarrassing,-1,,,,,,
embellish,1,,,,,,
embolden,1,,,,,,
embrace,1,,,,,,
emerge,1,,,,,,
emergencies,-2,,,,,,
emergency,-2,,,,,,
emotional,-1,,,,,,
empower,1,,,,,,
empt,-1,,,,,,
emptiness,-1,,,,,,
empty,-1,,,,,,
enamour,-1,,,,,,
enchant,-1,,,,,,
encompass,1,,,,,,
encourage,1,,,,,,
encroach,-2,,,,,,
endam,1,,,,,,
endanger,-2,,,,,,
endearing,2,,,,,,
endorse,1,,,,,,
endow,1,,,,,,
endure,1,,,,,,
enduring,1,,,,,,
enemy,-2,,,,,,
energize,1,,,,,,
engage,1,,,,,,
engaging,1,,,,,,
engagingly,2,,,,,,
engrave,-1,,,,,,
engross,1,,,,,,
engrossed,-1,,,,,,
engulf,-1,,,,,,
enhance,1,,,,,,
enhanced,1,,,,,,
enjoy,1,,,,,,
enjoyable,1,,,,,,
enlarge,1,,,,,,
enlighten,1,,,,,,
enlightened,1,,,,,,
enlightening,1,,,,,,
enough,1,,,,,,
enough,1,,,,,,
enraged,-1,,,,,,
enrich,1,,,,,,
enslave,-1,,,,,,
entangle,-2,,,,,,
enthusiastic,1,,,,,,
entomb,-1,,,,,,
entrap,-1,,,,,,
entreat,-2,,,,,,
envious,-1,,,,,,
envy,-1,,,,,,
enwrapped,-1,,,,,,
epidemic,-2,,,,,,
epileptic,-2,,,,,,
epithet,-2,,,,,,
epp,1,,,,,,
equal,1,,,,,,
equanimity,1,,,,,,
equivocal,-2,,,,,,
eradicate,-1,,,,,,
erase,-2,,,,,,
erode,-2,,,,,,
erosion,-2,,,,,,
err,-2,,,,,,
erroneous,-1,,,,,,
erroneously,-1,,,,,,
error,-2,,,,,,
erupt,-2,,,,,,
eruption,-1,,,,,,
escalate,-1,,,,,,
esoteric,-2,,,,,,
espouse,1,,,,,,
estranged,-2,,,,,,
esurient,-1,,,,,,
evade,-1,,,,,,
evanesce,-1,,,,,,
evasion,-1,,,,,,
everlasting,1,,,,,,
evict,-1,,,,,,
evil,-2,,,,,,
evoke,-1,,,,,,
exact,1,,,,,,
excel,1,,,,,,
excellence,1,,,,,,
excellent,1,,,,,,
exceptional,2,,,,,,
exceptionally,1,,,,,,
excess,-1,,,,,,
excessive,-1,,,,,,
excessively,-1,,,,,,
excit,1,,,,,,
excite,1,,,,,,
excited,1,,,,,,
exciteddddddd,1,,,,,,
exciting,1,,,,,,
exclaim,-1,,,,,,
exclude,-1,,,,,,
exclusion,-1,,,,,,
excommunicate,-1,,,,,,
excoriate,-1,,,,,,
excrement,-1,,,,,,
excruciate,-1,,,,,,
excruciating,-1,,,,,,
exculpate,-1,,,,,,
execration,-1,,,,,,
execute,-1,,,,,,
exempt,-1,,,,,,
exhaust,-2,,,,,,
exhort,1,,,,,,
exile,-2,,,,,,
exit,-1,,,,,,
exonerate,-1,,,,,,
expatiate,1,,,,,,
expedient,-2,,,,,,
expel,-1,,,,,,
expense,-2,,,,,,
expensive,-1,,,,,,
expert,2,,,,,,
expire,-1,,,,,,
expired,-1,,,,,,
expletive,-1,,,,,,
explode,-2,,,,,,
exploit,-1,,,,,,
explosion,-2,,,,,,
explosive,-2,,,,,,
expose,-1,,,,,,
exposit,1,,,,,,
extinct,-2,,,,,,
extinguish,-1,,,,,,
extraordinary,1,,,,,,
extravagant,-1,,,,,,
extravagantly ,-1,,,,,,
extreme,-1,,,,,,
exuberant,-1,,,,,,
eyinole,-2,,,,,,
fab,1,,,,,,
fabulous,1,,,,,,
facile,1,,,,,,
facilitate,1,,,,,,
fade,-1,,,,,,
faggot,-2,,,,,,
fail,-2,,,,,,
failed,-2,,,,,,
faint,-2,,,,,,
faith,1,,,,,,
faithful,1,,,,,,
faithless,-1,,,,,,
fake,-2,,,,,,
fall ,-1,,,,,,
fallacy,-2,,,,,,
fallout,-2,,,,,,
falsehood,-2,,,,,,
falsely,-1,,,,,,
falsify,-1,,,,,,
falter,-2,,,,,,
famine,-2,,,,,,
famish,-1,,,,,,
famished,-2,,,,,,
fanatic,-2,,,,,,
fantabulous,1,,,,,,
fantastic,1,,,,,,
fantastical,1,,,,,,
farce,-2,,,,,,
fascinate,-1,,,,,,
fascist,-2,,,,,,
fashi,-1,,,,,,
fast,1,,,,,,
fasten,1,,,,,,
faster,1,,,,,,
fat,1,,,,,,
fatal,-2,,,,,,
fathead,-1,,,,,,
fatigue,-1,,,,,,
fatty,-1,,,,,,
fault,-2,,,,,,
faulty,-2,,,,,,
favor,1,,,,,,
favorable,1,,,,,,
favorite,1,,,,,,
favoritism,-2,,,,,,
favour,1,,,,,,
favourable,1,,,,,,
favourite,1,,,,,,
favouritism,-2,,,,,,
fear,-1,,,,,,
fear,-1,,,,,,
fear ,-1,,,,,,
feared,-1,,,,,,
fearful,-1,,,,,,
fearing,-1,,,,,,
fearless,1,,,,,,
fears,-1,,,,,,
fearsome,-1,,,,,,
feeble,-2,,,,,,
feign,-1,,,,,,
feint,-2,,,,,,
felicitate,-1,,,,,,
fell,-1,,,,,,
fence,-1,,,,,,
feroc,-1,,,,,,
fervent,1,,,,,,
fervid,1,,,,,,
feud,-1,,,,,,
fever,-1,,,,,,
feverish,-1,,,,,,
fiasco,-1,,,,,,
fickle,-1,,,,,,
fiddle,-1,,,,,,
fidget,-1,,,,,,
fiend,-1,,,,,,
fierce,-1,,,,,,
fiery,-2,,,,,,
fiesta,1,,,,,,
fight,-1,,,,,,
fighter,1,,,,,,
filth,-1,,,,,,
filthy,-1,,,,,,
fine,1,,,,,,
fine,2,,,,,,
finish,1,,,,,,
fire,-1,,,,,,
fired,-1,,,,,,
fist,-2,,,,,,
fit,1,,,,,,
flagrant,-2,,,,,,
flame,-1,,,,,,
flamed,-1,,,,,,
flashy,-1,,,,,,
flatter,1,,,,,,
flaw,-2,,,,,,
flawless,2,,,,,,
fled,-2,,,,,,
flee,-1,,,,,,
fleece,-1,,,,,,
fleeting,-2,,,,,,
flenjor,2,,,,,,
flex,1,,,,,,
flexible,1,,,,,,
flexing,2,,,,,,
flimsy,-2,,,,,,
fling,-1,,,,,,
flirt,2,,,,,,
flock,1,,,,,,
flog,-1,,,,,,
flood,-1,,,,,,
flop,-2,,,,,,
flounder,-2,,,,,,
flourish,2,,,,,,
fluctuate,-1,,,,,,
fluent,1,,,,,,
flummox,-1,,,,,,
flunk,-1,,,,,,
flush,-1,,,,,,
foe,-1,,,,,,
foetid,-1,,,,,,
foible,-2,,,,,,
fold,-1,,,,,,
fond,1,,,,,,
fondly,1,,,,,,
fondness,1,,,,,,
fool,-1,,,,,,
foolish,-1,,,,,,
forbid,-1,,,,,,
forbiddance ,-1,,,,,,
forbidding,-1,,,,,,
force,-1,,,,,,
forced,-1,,,,,,
forcefully,-1,,,,,,
foreboding,-2,,,,,,
foreign,-1,,,,,,
forfeit,-1,,,,,,
forgave,1,,,,,,
forge,-2,,,,,,
forged,-2,,,,,,
forgery ,-2,,,,,,
forgetfulness,-2,,,,,,
forgive,1,,,,,,
forlorn,-1,,,,,,
formidable,-2,,,,,,
forming,-1,,,,,,
forsake,-1,,,,,,
fortunate,1,,,,,,
fortunately,1,,,,,,
fortune,1,,,,,,
foster,1,,,,,,
fought,-1,,,,,,
foul,-1,,,,,,
founder,-2,,,,,,
fox,-1,,,,,,
fracture,-2,,,,,,
fradulent,-2,,,,,,
fragile,-2,,,,,,
frantic,-2,,,,,,
fraud,-2,,,,,,
frauded,-2,,,,,,
frauding,-2,,,,,,
fraudsters,-2,,,,,,
fraudulent,-2,,,,,,
fraudulently,-2,,,,,,
fraught,-2,,,,,,
freak,-1,,,,,,
freakish,-1,,,,,,
freaky,-1,,,,,,
free,1,,,,,,
freehand,1,,,,,,
fren,1,,,,,,
fret,-1,,,,,,
fretsaw,-1,,,,,,
friend,1,,,,,,
friendly,1,,,,,,
fright,-1,,,,,,
frightening,-1,,,,,,
frigid,-1,,,,,,
frigidity,-1,,,,,,
frigidness,-1,,,,,,
fritter,-1,,,,,,
frivolous,-2,,,,,,
frolic,1,,,,,,
frosh,1,,,,,,
frown,-2,,,,,,
fruitful,1,,,,,,
fruitless,-1,,,,,,
frustrate,-2,,,,,,
frustrated,-2,,,,,,
frustrating,-2,,,,,,
frustration,-2,,,,,,
fuck,-2,,,,,,
fucked,-2,,,,,,
fucker,-2,,,,,,
fuckface,-1,,,,,,
fuckin,-1,,,,,,
fucks,-1,,,,,,
fuckwit,-2,,,,,,
fuctard,-2,,,,,,
fud,-1,,,,,,
fuddle,-1,,,,,,
fudge,-1,,,,,,
fugitive,-2,,,,,,
fugly,-1,,,,,,
fullground,1,,,,,,
fumble,-1,,,,,,
fume,-1,,,,,,
fumes,-1,,,,,,
fuming,-1,,,,,,
fun,2,,,,,,
funi,1,,,,,,
funn,2,,,,,,
funnel,1,,,,,,
funny,1,,,,,,
furious,-1,,,,,,
fury,-1,,,,,,
fuss,-1,,,,,,
fussy,-1,,,,,,
futility,-2,,,,,,
gag,-1,,,,,,
gaga,-1,,,,,,
gain,1,,,,,,
gall,-1,,,,,,
galore,1,,,,,,
gamble,-1,,,,,,
gaol,-1,,,,,,
garbage,-1,,,,,,
garish,-1,,,,,,
gash,-2,,,,,,
gassed,-2,,,,,,
gaudy,-2,,,,,,
gaudy,-1,,,,,,
gay,-1,,,,,,
gbadun,1,,,,,,
gbagam,1,,,,,,
gbagan,1,,,,,,
gbam,1,,,,,,
gbaski,1,,,,,,
gbeborun,-1,,,,,,
gbedu,1,,,,,,
gbege,-2,,,,,,
gbola,-2,,,,,,
gbosa,-1,,,,,,
gbosas,-1,,,,,,
geek,-1,,,,,,
generous,1,,,,,,
genius,2,,,,,,
gentle,2,,,,,,
gentler,1,,,,,,
gentlest,1,,,,,,
gently,2,,,,,,
gently,1,,,,,,
genuine,1,,,,,,
genuinely,1,,,,,,
germ,-2,,,,,,
getluck,1,,,,,,
getmind,2,,,,,,
ghastly,-2,,,,,,
ghetto,-2,,,,,,
gibberi,-2,,,,,,
gidigba,1,,,,,,
gifted,1,,,,,,
gigantic,1,,,,,,
gimcrack,-1,,,,,,
gimpy,-1,,,,,,
ginga,2,,,,,,
ginger ,2,,,,,,
gistin,1,,,,,,
give up,-1,,,,,,
givemind,1,,,,,,
glad,2,,,,,,
gladden,2,,,,,,
gladly,2,,,,,,
gladness,2,,,,,,
glamor,2,,,,,,
glamour,2,,,,,,
glare,-2,,,,,,
glitch,-1,,,,,,
glitter,1,,,,,,
gloat,-2,,,,,,
gloom,-1,,,,,,
glorification,-2,,,,,,
glory,2,,,,,,
glum,-1,,,,,,
gmbo,1,,,,,,
goalless,-1,,,,,,
goddam,-1,,,,,,
goddamn,-1,,,,,,
good,2,,,,,,
goodness,1,,,,,,
goodnews,1,,,,,,
goosy,-1,,,,,,
gorgeous,2,,,,,,
gossip,-1,,,,,,
grab,-2,,,,,,
grabby,-1,,,,,,
grace,1,,,,,,
graced,2,,,,,,
graceful,1,,,,,,
graces,2,,,,,,
gracil,1,,,,,,
gracious,1,,,,,,
gragra,-1,,,,,,
grand,1,,,,,,
grande,2,,,,,,
grandiloquent,1,,,,,,
grapple,-2,,,,,,
grateful,1,,,,,,
gratuitous,-2,,,,,,
grave,-1,,,,,,
gravel,-1,,,,,,
gravid,1,,,,,,
great,2,,,,,,
greatest,2,,,,,,
greatful,2,,,,,,
greatly,2,,,,,,
gree,1,,,,,,
greed,-1,,,,,,
greedy,-1,,,,,,
grief,-1,,,,,,
grieve,-1,,,,,,
grievous,-1,,,,,,
grim,-1,,,,,,
grime,-1,,,,,,
grin,2,,,,,,
grinn,2,,,,,,
grins,2,,,,,,
grisly,-1,,,,,,
grizzly,-2,,,,,,
groove,1,,,,,,
groovy,2,,,,,,
gross,-1,,,,,,
grossly,-1,,,,,,
grotesque,-2,,,,,,
grouch,-2,,,,,,
groucho,1,,,,,,
growl,-2,,,,,,
grr,-1,,,,,,
grudge,-2,,,,,,
gruesome,-1,,,,,,
gruff,-2,,,,,,
guard,1,,,,,,
guerrilla,-2,,,,,,
guilt,-1,,,,,,
guiltless,1,,,,,,
guilty,-1,,,,,,
guise,-2,,,,,,
gullible,-2,,,,,,
gumbodi,-1,,,,,,
gun,-2,,,,,,
gunmen,-2,,,,,,
guru,2,,,,,,
gust,-1,,,,,,
guyman,-1,,,,,,
h8,-2,,,,,,
ha,1,,,,,,
hack,-2,,,,,,
hacked,-2,,,,,,
hag,-2,,,,,,
haggard,-2,,,,,,
haha,2,,,,,,
hailing,1,,,,,,
hala,1,,,,,,
halfwit,-2,,,,,,
halla,1,,,,,,
hammer,2,,,,,,
handicap,-2,,,,,,
handsome,1,,,,,,
handsomely,1,,,,,,
handy,1,,,,,,
hang,-1,,,,,,
hangdog,-1,,,,,,
hangover,-1,,,,,,
haphazard,-2,,,,,,
hapless,-2,,,,,,
hapless,-1,,,,,,
happy,2,,,,,,
harass,-1,,,,,,
hard,-1,,,,,,
hardhearted,-1,,,,,,
hardship,-2,,,,,,
hardwork,2,,,,,,
harm,-2,,,,,,
harmed,-2,,,,,,
harmful,-2,,,,,,
harming,-2,,,,,,
harmless,2,,,,,,
harmon,2,,,,,,
harmonic,1,,,,,,
harmonies,1,,,,,,
harmonisation,1,,,,,,
harmonization,1,,,,,,
harms,-1,,,,,,
harsh,-2,,,,,,
hassle,-2,,,,,,
hate,-2,,,,,,
hated,-2,,,,,,
hateful,-2,,,,,,
hater,-2,,,,,,
hates,-2,,,,,,
hating,-2,,,,,,
hatred,-2,,,,,,
haughty,-2,,,,,,
haunt,-2,,,,,,
havoc,-2,,,,,,
hazard,-2,,,,,,
hazardous,-2,,,,,,
haziness,-2,,,,,,
hazy,-2,,,,,,
headache,-2,,,,,,
heartbreak,-1,,,,,,
heartbreaking,-1,,,,,,
heartbroke,-1,,,,,,
hearten,1,,,,,,
heartfelt,1,,,,,,
heartless,-2,,,,,,
heartwarm,1,,,,,,
heaven,2,,,,,,
heavenly,2,,,,,,
hectic,-1,,,,,,
hedge,-1,,,,,,
heedless,-2,,,,,,
hehe,2,,,,,,
heinous,-1,,,,,,
helep,1,,,,,,
hell,-2,,,,,,
hellish,-2,,,,,,
helpful,2,,,,,,
helpless,-2,,,,,,
hemorrhage,-1,,,,,,
hero,2,,,,,,
heroic,2,,,,,,
hesita,-1,,,,,,
hex,-1,,,,,,
hideous,-2,,,,,,
high,-1,,,,,,
highest,-1,,,,,,
highly,1,,,,,,
hijack,-1,,,,,,
hilarious,-1,,,,,,
hilarity,1,,,,,,
hinder,-2,,,,,,
hinder,-1,,,,,,
hindrance,-2,,,,,,
hitless,1,,,,,,
hoard,-2,,,,,,
hobble,-2,,,,,,
hogwash,-2,,,,,,
hoho,1,,,,,,
hokey,-1,,,,,,
hold,1,,,,,,
hollow,-2,,,,,,
homeless,-1,,,,,,
homely,1,,,,,,
homesick,-1,,,,,,
homie,2,,,,,,
homo,-1,,,,,,
honest,1,,,,,,
honest,2,,,,,,
honestly,1,,,,,,
honesty,2,,,,,,
honey,1,,,,,,
honor,1,,,,,,
honorable,2,,,,,,
honour,1,,,,,,
honourable,2,,,,,,
hooey,-2,,,,,,
hook,-1,,,,,,
hooligan,-1,,,,,,
hope,1,,,,,,
hoped,1,,,,,,
hopeful,1,,,,,,
hopefully,1,,,,,,
hopefulness,2,,,,,,
hopeless,-1,,,,,,
hopes,2,,,,,,
hoping,2,,,,,,
horde,-2,,,,,,
horr,-1,,,,,,
horrendous,-1,,,,,,
horrible,-2,,,,,,
horrific,-1,,,,,,
horrify,-1,,,,,,
huffy,-1,,,,,,
hug,1,,,,,,
huge,2,,,,,,
hugg,1,,,,,,
hugs,1,,,,,,
humble,2,,,,,,
humbled,2,,,,,,
humbly,2,,,,,,
humiliate,2,,,,,,
humiliated,-2,,,,,,
humor,1,,,,,,
humorless,-1,,,,,,
humour,1,,,,,,
humourless,-1,,,,,,
hunger,-1,,,,,,
hungr,-2,,,,,,
hunter,-2,,,,,,
hurra,1,,,,,,
hurt,-1,,,,,,
hurtl,1,,,,,,
hustle,-2,,,,,,
hustler,-2,,,,,,
hypochondriac,-2,,,,,,
hypocrisy,-2,,,,,,
hypocrite,-1,,,,,,
hysteria,-2,,,,,,
hysterical,-2,,,,,,
idioc,-1,,,,,,
idiot,-1,,,,,,
idiotic ,-1,,,,,,
idle,-1,,,,,,
idleness,-2,,,,,,
ignoble,-2,,,,,,
ignominy,-1,,,,,,
ignor,-1,,,,,,
ignorant,-1,,,,,,
ignore,1,,,,,,
ignore,-1,,,,,,
ignoring,1,,,,,,
ill,-2,,,,,,
illegal,-2,,,,,,
illegality,-2,,,,,,
illegally,-2,,,,,,
illegitimate,-2,,,,,,
illicit,-1,,,,,,
illiterate,-1,,,,,,
illness,-2,,,,,,
illogical,-2,,,,,,
ill-treatment ,-1,,,,,,
ill-usage ,-1,,,,,,
imaginative,2,,,,,,
imbecile,-2,,,,,,
imgbeke,-1,,,,,,
imitation,-2,,,,,,
imitative,-1,,,,,,
immaculate,2,,,,,,
immature,-2,,,,,,
immobility,-2,,,,,,
immoral,-1,,,,,,
immorality,-1,,,,,,
immortal,2,,,,,,
immovable,-2,,,,,,
impair,-2,,,,,,
impaired,-1,,,,,,
impairment,-1,,,,,,
impatient,-1,,,,,,
impeach,-1,,,,,,
impede,-2,,,,,,
impediment,-2,,,,,,
imperfect,-2,,,,,,
impersonal,-1,,,,,,
impetuous,-2,,,,,,
implement,1,,,,,,
implicate,-1,,,,,,
implore,-1,,,,,,
impolite,-1,,,,,,
impose,-1,,,,,,
impossible,-2,,,,,,
impoverish,-1,,,,,,
imprecate,-1,,,,,,
imprecision,-2,,,,,,
impress,2,,,,,,
impression,1,,,,,,
impressive,1,,,,,,
imprison,-2,,,,,,
imprisoned,-1,,,,,,
improbable,1,,,,,,
improp,-2,,,,,,
improper,-1,,,,,,
improve,2,,,,,,
improving,2,,,,,,
impulsive ,-1,,,,,,
impure,-2,,,,,,
impurity,-2,,,,,,
inability,-2,,,,,,
inaccessible,-1,,,,,,
inaccuracy,-2,,,,,,
inactivate,-1,,,,,,
inactive,-2,,,,,,
inadvertent,-1,,,,,,
inane,-2,,,,,,
inappropriate,-2,,,,,,
inauspicious,-1,,,,,,
incapable,-2,,,,,,
incapable,-1,,,,,,
incapacitate,-1,,,,,,
incapacitated,-1,,,,,,
incarcerate,-1,,,,,,
incentive,1,,,,,,
incessant,-1,,,,,,
incision,-1,,,,,,
incompetent,-2,,,,,,
incomplete,-1,,,,,,
inconsiderate,-1,,,,,,
inconsistent,-1,,,,,,
incorrect,-2,,,,,,
incorrectly,-1,,,,,,
incredible,1,,,,,,
incriminate ,-1,,,,,,
incrimination,-1,,,,,,
inculpation,-1,,,,,,
incurable,-2,,,,,,
indecis,-2,,,,,,
indefatigably,1,,,,,,
indefinite,-2,,,,,,
indemnify,1,,,,,,
indictment,-2,,,,,,
indifference,-2,,,,,,
indifferent,-2,,,,,,
indignation,-1,,,,,,
indolent,-1,,,,,,
indomie,-1,,,,,,
indue,1,,,,,,
indulge,-1,,,,,,
indurate,-1,,,,,,
industrious,1,,,,,,
ineffect,-2,,,,,,
ineffective,-1,,,,,,
inefficiency,-2,,,,,,
inefficient,-2,,,,,,
inexact,-2,,,,,,
inexhaustibly,1,,,,,,
inexpensive,-1,,,,,,
inexplicable,-2,,,,,,
infamous,-2,,,,,,
infect,-2,,,,,,
infer,-1,,,,,,
inferior ,-2,,,,,,
infest,-1,,,,,,
infiltrate,-1,,,,,,
inflame,-2,,,,,,
inflation,-2,,,,,,
inflict,-2,,,,,,
infract,-2,,,,,,
infraction,-2,,,,,,
infringe,-1,,,,,,
infringement,-2,,,,,,
infuriate,-2,,,,,,
infuriating,-2,,,,,,
infuriated,-2,,,,,,
ingenuous,1,,,,,,
ingratitude,-2,,,,,,
inhuman,-1,,,,,,
injunction,-2,,,,,,
injure,-1,,,,,,
injured,-1,,,,,,
injurious,-2,,,,,,
injury,-2,,,,,,
injustice,-1,,,,,,
innocent,1,,,,,,
innumerable,-1,,,,,,
insane,-1,,,,,,
inscribe,-1,,,,,,
insecure,-1,,,,,,
insensate,-1,,,,,,
insensible,-2,,,,,,
insensitive,-1,,,,,,
insidelife ,-1,,,,,,
insidious,-1,,,,,,
insignificant,-1,,,,,,
insolence,-2,,,,,,
insolent,-2,,,,,,
insolvent,-2,,,,,,
inspirational,1,,,,,,
inspire,1,,,,,,
inspiring,1,,,,,,
instability,-2,,,,,,
instable,-2,,,,,,
insubstantial,-1,,,,,,
insufficient,-2,,,,,,
insult,-1,,,,,,
insulting,-1,,,,,,
intellect,1,,,,,,
intellectual,1,,,,,,
intelligent,1,,,,,,
intensify,-1,,,,,,
interdict,-1,,,,,,
interest,1,,,,,,
interested,1,,,,,,
interesting,1,,,,,,
interestingly,1,,,,,,
interfere,-1,,,,,,
interrupt,-1,,,,,,
intervene,-1,,,,,,
intimidate,-1,,,,,,
intolerable,-1,,,,,,
intolleran,-1,,,,,,
intoxicate,-2,,,,,,
intrusion,-2,,,,,,
inundate,-2,,,,,,
inundation,-1,,,,,,
invade,-2,,,,,,
invalid,-1,,,,,,
invalidate,-1,,,,,,
invaluable,-1,,,,,,
invest,1,,,,,,
inveterate,-1,,,,,,
invidious,-1,,,,,,
invigor,2,,,,,,
invisible,-2,,,,,,
invisible,-1,,,,,,
involuntary,-2,,,,,,
irk,-2,,,,,,
ironic,-2,,,,,,
ironically,-1,,,,,,
irony,-2,,,,,,
irradiate,1,,,,,,
irrational,-1,,,,,,
irregular,-2,,,,,,
irregular,-1,,,,,,
irrelevant,-1,,,,,,
irreplaceable,1,,,,,,
irrespective,-1,,,,,,
irresponsible,-1,,,,,,
irritate,-1,,,,,,
irritated,-1,,,,,,
irritation,-1,,,,,,
issue,-2,,,,,,
itching,-1,,,,,,
jackass,-2,,,,,,
jaded,-1,,,,,,
jagajaga,-2,,,,,,
jagbajantis,-2,,,,,,
jaguda,-2,,,,,,
jail,-2,,,,,,
jailed,-1,,,,,,
jam,-1,,,,,,
jamesbond,-1,,,,,,
jass,1,,,,,,
jazz,-1,,,,,,
jealous,-1,,,,,,
jeer,-1,,,,,,
jeje,1,,,,,,
jejeli,2,,,,,,
jejely,1,,,,,,
jelorsi,-1,,,,,,
jeopardise,-2,,,,,,
jeopardize,-2,,,,,,
jeopardy,-2,,,,,,
jerk,-1,,,,,,
jerked,-1,,,,,,
jerks,-1,,,,,,
jerky,-1,,,,,,
jinja,2,,,,,,
jinx,-1,,,,,,
jittery,-2,,,,,,
jjc,-1,,,,,,
jobless,-1,,,,,,
joke,-1,,,,,,
joking,1,,,,,,
joli,1,,,,,,
jolliet,1,,,,,,
jolly,1,,,,,,
jollyficate,1,,,,,,
jonz,-1,,,,,,
jonze,-1,,,,,,
joo,-1,,,,,,
jor,-1,,,,,,
joy,2,,,,,,
joyrid,-2,,,,,,
joystick,1,,,,,,
jumpy,-2,,,,,,
junk,-2,,,,,,
kakaraka,1,,,,,,
kala,-2,,,,,,
kamkpe,1,,,,,,
kampe,1,,,,,,
kanji,-1,,,,,,
kari,1,,,,,,
karimi,1,,,,,,
kasala,-2,,,,,,
kash,-1,,,,,,
katakata,-1,,,,,,
keen,1,,,,,,
keep,1,,,,,,
keli,-1,,,,,,
kick,-1,,,,,,
kidding,1,,,,,,
kidnap,-2,,,,,,
kill,-2,,,,,,
killed,-1,,,,,,
killer,-2,,,,,,
killing,-2,,,,,,
killjoy,-2,,,,,,
kilode,-1,,,,,,
kind,2,,,,,,
kindn,2,,,,,,
kiss,1,,,,,,
knack,-1,,,,,,
koko,1,,,,,,
kolo,-2,,,,,,
kolobi,-1,,,,,,
komot,-1,,,,,,
kondo,-1,,,,,,
kpafuka,-1,,,,,,
kpai,-1,,,,,,
kpako,-1,,,,,,
kpanda,-1,,,,,,
kpeme,-1,,,,,,
kpk,1,,,,,,
kpompi,1,,,,,,
kpuf,-1,,,,,,
kvetch,1,,,,,,
lack,-2,,,,,,
laf,1,,,,,,
laff,1,,,,,,
laidback,2,,,,,,
lailai,-1,,,,,,
lame,-1,,,,,,
lament,-1,,,,,,
languish,-1,,,,,,
lapse,-2,,,,,,
large,1,,,,,,
laslas,1,,,,,,
late,-1,,,,,,
laudable,1,,,,,,
laugh,2,,,,,,
laughable,-2,,,,,,
laughing,2,,,,,,
laughingstock,-2,,,,,,
laughter,2,,,,,,
lavish,-2,,,,,,
lawless,-2,,,,,,
lawsuit,-2,,,,,,
lazie,-2,,,,,,
lazily,-2,,,,,,
lazy,-2,,,,,,
leading,1,,,,,,
leak,-1,,,,,,
leakage,-1,,,,,,
leaking,-1,,,,,,
least,-1,,,,,,
leave,-1,,,,,,
leaveam,-1,,,,,,
leech,-1,,,,,,
leemee,-1,,,,,,
legbere,-1,,,,,,
legit,1,,,,,,
liable,-1,,,,,,
liar,-2,,,,,,
libel,-1,,,,,,
lie,-1,,,,,,
lied,-1,,,,,,
lielie,-1,,,,,,
lies,-1,,,,,,
lifeless,-2,,,,,,
like,1,,,,,,
liked,1,,,,,,
likes,1,,,,,,
liking,1,,,,,,
limit,-1,,,,,,
limitation,-2,,,,,,
limited,-1,,,,,,
limp,-2,,,,,,
liquidate,-2,,,,,,
liquidation,-2,,,,,,
litig,-2,,,,,,
litter,-1,,,,,,
little,-1,,,,,,
livel,2,,,,,,
livelihood,1,,,,,,
liver,1,,,,,,
lmao,2,,,,,,
loath,-1,,,,,,
lodge,1,,,,,,
logical,1,,,,,,
lol,2,,,,,,
lolol,2,,,,,,
lone,-2,,,,,,
lonely,-2,,,,,,
long,-2,,,,,,
longing,-1,,,,,,
looney,-1,,,,,,
loony,-1,,,,,,
loose,-1,,,,,,
lose,-1,,,,,,
loser,-1,,,,,,
loses,-2,,,,,,
losing,-1,,,,,,
loss,-2,,,,,,
lost,-1,,,,,,
loth,-1,,,,,,
loud,1,,,,,,
lous,-1,,,,,,
lousy,-1,,,,,,
love,2,,,,,,
loved,2,,,,,,
loveless,-1,,,,,,
loveliness,2,,,,,,
lovely,2,,,,,,
lovemak,1,,,,,,
lover,1,,,,,,
loves,1,,,,,,
lovesome,1,,,,,,
lovin,1,,,,,,
loving,1,,,,,,
loving,2,,,,,,
low,-2,,,,,,
low,-1,,,,,,
lower,1,,,,,,
loyal,2,,,,,,
luck,1,,,,,,
lucked,1,,,,,,
lucki,1,,,,,,
luckily,1,,,,,,
luckless,-1,,,,,,
lucks,1,,,,,,
lucky,1,,,,,,
lucrative,1,,,,,,
lucubrate,1,,,,,,
ludicrous,-1,,,,,,
lull,1,,,,,,
lunatic,-2,,,,,,
lunkhead,-2,,,,,,
lure,-2,,,,,,
lurk,-1,,,,,,
luscious,1,,,,,,
lust,-1,,,,,,
luv,2,,,,,,
lwkmd,1,,,,,,
lwkmh,1,,,,,,
lying,-1,,,,,,
macabre,-1,,,,,,
maculate,-1,,,,,,
mad,-1,,,,,,
madden,-1,,,,,,
madder,-1,,,,,,
maddest,-1,,,,,,
madly,2,,,,,,
madman,-2,,,,,,
madmen,-2,,,,,,
madness,-2,,,,,,
mafo ,1,,,,,,
maga,-2,,,,,,
magnification,1,,,,,,
magniloquent,1,,,,,,
mago,-2,,,,,,
magomago,-2,,,,,,
makesense,2,,,,,,
maladjusted,-2,,,,,,
maladjustment,-2,,,,,,
malady,-2,,,,,,
maledict,-1,,,,,,
malefactor ,-1,,,,,,
malfunction,-2,,,,,,
malice,-1,,,,,,
malicious,-2,,,,,,
malign,-1,,,,,,
malignan,-1,,,,,,
maltreatment ,-1,,,,,,
malu,-2,,,,,,
mangle,-2,,,,,,
maniac,-1,,,,,,
manipulate,-2,,,,,,
manslaughter,-1,,,,,,
mar,-2,,,,,,
marginal,-2,,,,,,
martyr,-2,,,,,,
marvelous,2,,,,,,
mash,-1,,,,,,
masochis,-1,,,,,,
massacre,-2,,,,,,
mate,2,,,,,,
maye,-2,,,,,,
meager,-2,,,,,,
meanie,-2,,,,,,
meaningless,-2,,,,,,
mebo,-1,,,,,,
meddle,-2,,,,,,
mediocr,-2,,,,,,
meek,2,,,,,,
meguard,1,,,,,,
melanchol,-1,,,,,,
meliorate,2,,,,,,
mellow,1,,,,,,
melodramatic,-2,,,,,,
melt,-1,,,,,,
menace,-1,,,,,,
menial,-2,,,,,,
merciful,1,,,,,,
mercilessly,-1,,,,,,
meretricious,-1,,,,,,
merit,2,,,,,,
merry,2,,,,,,
mess,-1,,,,,,
messy,-1,,,,,,
mighty,1,,,,,,
mind,1,,,,,,
minimal,1,,,,,,
minor,-1,,,,,,
miraculous,1,,,,,,
misbehave,-2,,,,,,
misbehavior,-2,,,,,,
mischief,-2,,,,,,
mischievous,-2,,,,,,
mischievously,-1,,,,,,
misdirect ,-1,,,,,,
miser,-1,,,,,,
miserable,-1,,,,,,
misfortunate,-1,,,,,,
misfortune,-2,,,,,,
mishandle,-2,,,,,,
mishap,-2,,,,,,
misinform,-2,,,,,,
mislead,-2,,,,,,
mislead,-1,,,,,,
misleading,-1,,,,,,
misplace,-2,,,,,,
misrepresent,-2,,,,,,
miss,-1,,,,,,
missed,-1,,,,,,
misses,-1,,,,,,
missing,-1,,,,,,
mistake,-1,,,,,,
mistaken,-1,,,,,,
mistakenly,-1,,,,,,
mistreat ,-1,,,,,,
mistrust,-2,,,,,,
misuse ,-1,,,,,,
moan,-2,,,,,,
mock,-1,,,,,,
mocked,-1,,,,,,
mocker,-1,,,,,,
mocking,-1,,,,,,
mockingbird,1,,,,,,
mocks,-1,,,,,,
mogoloid,-2,,,,,,
molest,-1,,,,,,
momentous,1,,,,,,
mong,-2,,,,,,
monkey,-1,,,,,,
monotonous,-2,,,,,,
monotony,-2,,,,,,
monster,-2,,,,,,
monstrous,-1,,,,,,
mooch,-2,,,,,,
moodi,-1,,,,,,
moody,-2,,,,,,
moral,1,,,,,,
moron,-1,,,,,,
mortif,-1,,,,,,
motherfucker,-1,,,,,,
motionless,-2,,,,,,
motivational,1,,,,,,
motley,-2,,,,,,
mourn,-1,,,,,,
muah,1,,,,,,
much,-1,,,,,,
muddle,-2,,,,,,
muddy,-2,,,,,,
muffle,-1,,,,,,
mugu,-2,,,,,,
mumble,-2,,,,,,
mumu,-2,,,,,,
mundane,-2,,,,,,
murder,-1,,,,,,
murky,-2,,,,,,
muthafuck,-1,,,,,,
mutter,-2,,,,,,
nab,-1,,,,,,
nack,-1,,,,,,
nag,-2,,,,,,
naga,1,,,,,,
naive,-1,,,,,,
naked,-1,,,,,,
nalie,-1,,,,,,
nark,-2,,,,,,
naso,1,,,,,,
nast,-1,,,,,,
nasturtium,1,,,,,,
nasty,-1,,,,,,
natural,-1,,,,,,
naughty,-1,,,,,,
nauseate,-1,,,,,,
nazi,-2,,,,,,
neat,1,,,,,,
neatly,1,,,,,,
nebulous,-2,,,,,,
needful,1,,,,,,
needless,-1,,,,,,
needy,-1,,,,,,
negative,-1,,,,,,
negatively,-1,,,,,,
neglect,-1,,,,,,
neglect,-1,,,,,,
neglectful,-1,,,,,,
nemesis,-1,,,,,,
nerd,-1,,,,,,
nervous,-1,,,,,,
nestle,1,,,,,,
nettle,-2,,,,,,
neurotic,-1,,,,,,
neutralize,-2,,,,,,
never,-1,,,,,,  
nice,2,,,,,,
nicely,2,,,,,, 
nightmare,-1,,,,,,
nimble,2,,,,,,
nincompoop,-2,,,,,,
ninny,-2,,,,,,
nix,-2,,,,,,
noconfam,-1,,,,,,
nodo,-1,,,,,,
nofit,-1,,,,,,
nogetidea,-1,,,,,,
nogree,-1,,,,,,
noise,-1,,,,,,
noisy,-2,,,,,,
nonchalant,-1,,,,,,
none,-1,,,,,,
nonplus,1,,,,,,
nonsense,-2,,,,,,
nonsensical ,-1,,,,,,
nosend,-1,,,,,,
nosey,-2,,,,,,
notorious,-1,,,,,,
novice,-2,,,,,,
nowell,-2,,,,,,
noxious,-1,,,,,,
nucklehead,-2,,,,,,
nude,-1,,,,,,
nuisance,-1,,,,,,
nullification,-2,,,,,,
nullify,-2,,,,,,
numb,-2,,,,,,
numpty,-2,,,,,,
nurtur,1,,,,,,
nutcase,-2,,,,,,
nutter,-2,,,,,,
oaf,-2,,,,,,
obes,-2,,,,,,
objection,-2,,,,,,
objurgate,-1,,,,,,
oblique,-2,,,,,,
obliterate,-2,,,,,,
obnoxious,-1,,,,,,
obnubilate,-1,,,,,,
obscure,-1,,,,,,
obsess,-1,,,,,,
obsolete,-2,,,,,,
obstacle,-2,,,,,,
obstinate,-2,,,,,,
obstruct,-1,,,,,,
obstruction,-2,,,,,,
obtuse,-1,,,,,,
odd,-1,,,,,,
oddity,-2,,,,,,
ode,-2,,,,,,
odeshi,-2,,,,,,
odoyo,-2,,,,,,
offence,-2,,,,,,
offend,-1,,,,,,
offender,-2,,,,,,
offens,-1,,,,,,
offset,-1,,,,,,
ogbanje,-2,,,,,,
ogbonge,2,,,,,,
ojoro,-2,,,,,,
ok,1,,,,,,
okay,1,,,,,,
okies,1,,,,,,
okays,1,,,,,,
oks,1,,,,,,
ole,-2,,,,,,
oloshi,-2,,,,,,
omfg,-2,,,,,,
omg,1,,,,,,
ominous,-1,,,,,,
omissions,-2,,,,,,
omit,-2,,,,,,
onekain,-1,,,,,,
onrush,-2,,,,,,
onset,-1,,,,,,
onslaught,-2,,,,,,
openminded,1,,,,,,
openness,1,,,,,,
opg,1,,,,,,
opinionated,-2,,,,,,
oponu,-2,,,,,,
opor,2,,,,,,
opp,1,,,,,,
opponent,-2,,,,,,
oppose,-2,,,,,,
opposition,-2,,,,,,
oppress,-1,,,,,,
opprobrious,-1,,,,,,
optimal,1,,,,,,
optimism,2,,,,,,
optimistic,2,,,,,,
optimistic,1,,,,,,
ordeal,-1,,,,,,
ordered,1,,,,,,
organized,1,,,,,,
original,1,,,,,,
orijo,-1,,,,,,
ornament,1,,,,,,
orobo,-1,,,,,,
orosco,-1,,,,,,
orphan,-2,,,,,,
orphan,-1,,,,,,
osha,2,,,,,,
oshaprapra,2,,,,,,
ostracise,-1,,,,,,
ostracize,-1,,,,,,
oust,-2,,,,,,
outbreak,-2,,,,,,
outburst,-2,,,,,,
outcast,-2,,,,,,
outcry,-1,,,,,,
outgoing,1,,,,,,
outlaw,-2,,,,,,
outrag,-1,,,,,,
outrageous,-1,,,,,,
outsider,-2,,,,,,
outstanding,2,,,,,,
overbearing,-2,,,,,,
overcharge,-2,,,,,,
overcompensate,1,,,,,,
overcrowd,-1,,,,,,
overcrowded,-1,,,,,,
overcrowding,-1,,,,,,
overestimate,-1,,,,,,
overflow,-2,,,,,,
overindulgence,-1,,,,,,
overjoyed,1,,,,,,
overlook,-1,,,,,,
overly,-1,,,,,,
overpower,-2,,,,,,
overrate,-1,,,,,,
overrun,-2,,,,,,
oversabi,-1,,,,,,
oversight,-2,,,,,,
overtake,1,,,,,,
overthrow,-2,,,,,,
overturn,-2,,,,,,
overweening,-1,,,,,,
overweight,-2,,,,,,
overwhelm,1,,,,,,
overwhelmed,1,,,,,,
overwhelming,1,,,,,,
overwork,-2,,,,,,
owe,-2,,,,,,
owing,-1,,,,,,
oya,-1,,,,,,
pachydermatous,-1,,,,,,
pacify ,1,,,,,,
padi,1,,,,,,
pain,-1,,,,,,
pained,-1,,,,,,
painful,-2,,,,,,
painfully,-2,,,,,,
paining,-1,,,,,,
pains,-1,,,,,,
palava,-2,,,,,,
palpable,1,,,,,,
paltry,-2,,,,,,
pambering,1,,,,,,
pamper,2,,,,,,
pampered,2,,,,,,
pampers,2,,,,,,
pandemonium,-2,,,,,,
panic,-1,,,,,,
para,-2,,,,,,
paradise,1,,,,,,
paralysis,-2,,,,,,
paralyzed,-2,,,,,,
parasit,-1,,,,,,
partie,1,,,,,,
partition,-2,,,,,,
party,1,,,,,,
passable ,1,,,,,,
passe,-2,,,,,,
passion,1,,,,,,
passionate,1,,,,,,
passionate,1,,,,,,
passionately,1,,,,,,
pathetic,-1,,,,,,
pathetic,-1,,,,,,
patient,1,,,,,,
patiently,2,,,,,,
patriotic,1,,,,,,
peace,1,,,,,,
peche ,1,,,,,,
peculiar,-1,,,,,,
pending,-1,,,,,,
pepper,1,,,,,,
perfect,1,,,,,,
perfectly,1,,,,,,
peril,-2,,,,,,
perish,-2,,,,,,
perpetual,1,,,,,,
perplex,-1,,,,,,
persevering,1,,,,,,
pertain,-1,,,,,,
perturb,-1,,,,,,
pervert ,-1,,,,,,
pest,-2,,,,,,
pester,-1,,,,,,
pestiferous,-1,,,,,,
pettie,-1,,,,,,
petty,-1,,,,,,
phlebotomize,-1,,,,,,
phobi,-1,,,,,,
picturesque,2,,,,,,
piffle,-2,,,,,,
pigeonhole,-1,,,,,,
pillock,-2,,,,,,
pinch,-1,,,,,,
pinhead,-2,,,,,,
pirate,-1,,,,,,
piss,-1,,,,,,
pissed,-1,,,,,,
pissup,1,,,,,,
piti,-2,,,,,,
pity,-2,,,,,,
plague,-2,,,,,,
plaintiff,-2,,,,,,
play,1,,,,,,
played,1,,,,,,
playful,2,,,,,,
playing,2,,,,,,
playplay,-1,,,,,,
plays,2,,,,,,
pleasant,1,,,,,,
pleasantly,2,,,,,,
pleasing,1,,,,,,
pleasure,1,,,,,,
plight,-2,,,,,,
plod,-2,,,,,,
plonker,-2,,,,,,
pluck,-2,,,,,,
plume,-1,,,,,,
point,-1,,,,,,
pointless,-2,,,,,,
poise,1,,,,,,
poison,-1,,,,,,
polite,-1,,,,,,
pollute,-1,,,,,,
pompous,-2,,,,,,
poor,-1,,,,,,
poorer,-1,,,,,,
poorly,-1,,,,,,
poppycock,-2,,,,,,
popular,2,,,,,,
popularis,1,,,,,,
popularity,2,,,,,,
populariz,1,,,,,,
portable,1,,,,,,
pose,1,,,,,,
positive,1,,,,,,
positively,1,,,,,,
positivethinking,2,,,,,,
pout,-2,,,,,,
poverty,-2,,,,,,
powerful,2,,,,,,
powerless,-2,,,,,,
praise,2,,,,,,
prannock,-2,,,,,,
prat,-2,,,,,,
precarious,-2,,,,,,
precious,2,,,,,,
precipitate,-2,,,,,,
precise,2,,,,,,
precisely,1,,,,,,
predicament,-2,,,,,,
preen,-1,,,,,,
prefer,1,,,,,,
preferential,-1,,,,,,
preferred,1,,,,,,
prejudic,-1,,,,,,
prejudiced,-1,,,,,,
preposterous ,-1,,,,,,
pressure,-1,,,,,,
prestigious,1,,,,,,
presumptuous,-1,,,,,,
pretend,-1,,,,,,
pretender,-1,,,,,,
pretense,-2,,,,,,
pretentious,-2,,,,,,
prettie,1,,,,,,
prettily,2,,,,,,
pretty,1,,,,,,
priceless,1,,,,,,
prick,-1,,,,,,
prickle,1,,,,,,
pride,2,,,,,,
prison,-2,,,,,,
prisoner,-1,,,,,,
privilege,1,,,,,,
privileged,1,,,,,,
prize,1,,,,,,
problem,-2,,,,,,
problematic,-2,,,,,,
procrastinat,-2,,,,,,
prod,-2,,,,,,
profane,-1,,,,,,
proficient,1,,,,,,
profit,2,,,,,,
profitable,2,,,,,,
profiteer,-2,,,,,,
profitless,-2,,,,,,
profusely,1,,,,,,
progress,2,,,,,,
prohibit,-1,,,,,,
prohibition,-1,,,,,,
promiscuous,-1,,,,,,
promise,1,,,,,,
promising,1,,,,,,
promissory,1,,,,,,
promote,1,,,,,,
propaganda,-2,,,,,,
proper,1,,,,,,
properly,1,,,,,,
proscription,-1,,,,,,
prosecute,-1,,,,,,
prosper,2,,,,,,
prosperity,2,,,,,,
prosperous,2,,,,,,
prostration,-2,,,,,,
protest,-2,,,,,,
protest,-1,,,,,,
proud,2,,,,,,
proudhon,1,,,,,,
proudly,1,,,,,,
provocation,-2,,,,,,
provoke,-1,,,,,,
provoking,-1,,,,,,
prowl,-2,,,,,,
pry,-2,,,,,,
puk,-1,,,,,,
puka,1,,,,,,
pukka,1,,,,,,
puma,-1,,,,,,
punch,-1,,,,,,
punish,-2,,,,,,
puny,-2,,,,,,
pursue,1,,,,,,
puzzlement,-2,,,,,,
qualm,-2,,,,,,
quandary,-2,,,,,,
quanta,-1,,,,,,
quarrel,-1,,,,,,
quarrel,-2,,,,,,
queer,-2,,,,,,
query,-1,,,,,,
questionable,-2,,,,,,
questionable,-1,,,,,,
quetch,1,,,,,,
queue,-2,,,,,,
quibble,-2,,,,,,
quick,2,,,,,,
quickly,2,,,,,,
quiet,2,,,,,,
quietly,2,,,,,,
quit,-2,,,,,,
quitter,-2,,,,,,
quiver,-2,,,,,,
racist,-2,,,,,,
radian,1,,,,,,
radians,1,,,,,,
radiant,1,,,,,,
radical,-2,,,,,,
rage,-1,,,,,,
raging,-1,,,,,,
raid,-2,,,,,,
raise,1,,,,,,
raiseshoulder,-1,,,,,,
rake,-1,,,,,,
ram,-1,,,,,,
ramble,-2,,,,,,
rampant,-2,,,,,,
rancid,-1,,,,,,
rant,-1,,,,,,
rape,-2,,,,,,
rapeseed,1,,,,,,
raping,-1,,,,,,
rapist,-1,,,,,,
rapt,1,,,,,,
rarify,-1,,,,,,
rascal,-1,,,,,,
rash,-2,,,,,,
rat,-1,,,,,,
ration,-2,,,,,,
ravage,-1,,,,,,
ravish,-2,,,,,,
raz,-2,,,,,,
reactionar,-2,,,,,,
reactivate,2,,,,,,
reactive,1,,,,,,
readiness,1,,,,,,
ready,1,,,,,,
real,1,,,,,,
reasonable,1,,,,,,
reassure,2,,,,,,
rebel,-2,,,,,,
rebuff,-2,,,,,,
rebuke,-2,,,,,,
rebut,-2,,,,,,
recalcitrant,-2,,,,,,
recede,-2,,,,,,
recession,-2,,,,,,
reckless,-2,,,,,,
reclaim,1,,,,,,
recoil,-2,,,,,,
recompense,1,,,,,,
reconcile,1,,,,,,
recoup,-1,,,,,,
recover,1,,,,,,
recreate,1,,,,,,
recrudesce,-2,,,,,,
rectified,2,,,,,,
red,-1,,,,,,
redress,1,,,,,,
redundan,-2,,,,,,
redundant,-1,,,,,,
reek,-1,,,,,,
refer,-1,,,,,,
refine,-1,,,,,,
reform,1,,,,,,
refrain,-2,,,,,,
refresh,1,,,,,,
refugee,-2,,,,,,
refund,2,,,,,,
refunded,2,,,,,,
refusal,-1,,,,,,
refuse,-1,,,,,,
refused,-1,,,,,,
refutable,-1,,,,,,
regain,1,,,,,,
regard,1,,,,,,
regardless,-1,,,,,,
regress,-1,,,,,,
regret,-2,,,,,,
regretful,-2,,,,,,
reject,-2,,,,,,
rejoice,1,,,,,,
relapse,-2,,,,,,
relax,1,,,,,,
relegate,-2,,,,,,
relentless,1,,,,,,
relevant,1,,,,,,
reliable,2,,,,,,
reliant,1,,,,,,
relief,2,,,,,,
relieve,1,,,,,,
reluctant,-1,,,,,,
remand,-1,,,,,,
remorse,-1,,,,,,
remunerate,1,,,,,,
renounce,-2,,,,,,
renunciation,-2,,,,,,
repair,1,,,,,,
repay,1,,,,,,
repeal,-2,,,,,,
repel,-1,,,,,,
replenish,1,,,,,,
reprehensib,-1,,,,,,
repress,-2,,,,,,
reproach,-2,,,,,,
reprobate,-1,,,,,,
reproducible,1,,,,,,
repudiate,-2,,,,,,
repulse,-2,,,,,,
repulsive,-1,,,,,,
requiem,-1,,,,,,
resent,-1,,,,,,
resign,-1,,,,,,
resignation,-2,,,,,,
resolved,2,,,,,,
resourceful,2,,,,,,
resourcefulness,2,,,,,,
respect,1,,,,,,
respectable,2,,,,,,
respected,2,,,,,,
responsive,1,,,,,,
restless,-2,,,,,,
restrain,-2,,,,,,
restrict,-2,,,,,,
restricted,-1,,,,,,
retard,-1,,,,,,
retarded,-1,,,,,,
retch,-1,,,,,,
retire,-1,,,,,,
retreat,-2,,,,,,
retrieve,1,,,,,,
revenge,-2,,,,,,
revere,2,,,,,,
reversal,-1,,,,,,
reverse,-1,,,,,,
reversed,2,,,,,,
revert,-1,,,,,,
revigor,2,,,,,,
revilement ,-1,,,,,,
revitalize,2,,,,,,
revoke,-2,,,,,,
revolt,-1,,,,,,
revolution,-1,,,,,,
revolutionize,1,,,,,,
reward,2,,,,,,
rewarding,2,,,,,,
ribbing,-1,,,,,,
rich,1,,,,,,
richness,2,,,,,,
rid,-2,,,,,,
ridiculous,-2,,,,,,
ridiculously,-2,,,,,,
rig,-1,,,,,,
rigging,-1,,,,,,
right,1,,,,,,
rigid,-2,,,,,,
rigor,1,,,,,,
rigorous,1,,,,,,
rile,-2,,,,,,
riot,-1,,,,,,
rip,-2,,,,,,
risk,-2,,,,,,
risky,-1,,,,,,
rival,-1,,,,,,
rivalry,-1,,,,,,
rob,-2,,,,,,
robber,-2,,,,,,
robust,2,,,,,,
rock,1,,,,,,
rocky,1,,,,,,
rofl,1,,,,,,
rogue,-2,,,,,,
romantic,1,,,,,,
rook,-1,,,,,,
rot,-2,,,,,,
rotten,-1,,,,,,
rough,-1,,,,,,
roughshod,-1,,,,,,
roundabout,-2,,,,,,
rouse,-1,,,,,,
rub,-1,,,,,,
rubbish,-1,,,,,,
rude,-2,,,,,,
rudely,-2,,,,,,
rue,-2,,,,,,
ruffian,-2,,,,,,
ruin,-2,,,,,,
ruins,1,,,,,,
ruitless,-1,,,,,,
rumor,-2,,,,,,
rumple,-2,,,,,,
runaway,-2,,,,,,
rupture,-2,,,,,,
rush,-1,,,,,,
rusty,-2,,,,,,
ruthless,-1,,,,,,
sabi,1,,,,,,
sabiness,1,,,,,,
sabotage,-2,,,,,,
sack,-2,,,,,,
sad,-2,,,,,,
sadden,-2,,,,,,
saddle,-1,,,,,,
sadly,-2,,,,,,
sadness,-1,,,,,,
safe,2,,,,,,
sag,-2,,,,,,
sane,1,,,,,,
sank,-2,,,,,,
sap,-1,,,,,,
sarcas,-1,,,,,,
satan,-1,,,,,,
satisfactory,2,,,,,,
satisfied,2,,,,,,
satisfy,2,,,,,,
savage,-1,,,,,,
save,2,,,,,,
save,1,,,,,,
scald,-2,,,,,,
scam,-2,,,,,,
scamming,-2,,,,,,
scandal,-2,,,,,,
scandalize,-2,,,,,,
scandalous,-2,,,,,,
scapegoat,-1,,,,,,
scar,-2,,,,,,
scarcity,-2,,,,,,
scare,-1,,,,,,
scarecrow,1,,,,,,
scared,-1,,,,,,
scaremonger,-1,,,,,,
scariest,-1,,,,,,
scaring,-1,,,,,,
scary,-1,,,,,,
scatter,-1,,,,,,
sceptic,-2,,,,,,
scoff,-2,,,,,,
scold,-2,,,,,,
scope,-1,,,,,,
scorch,-2,,,,,,
scoreless,-1,,,,,,
scorn,-2,,,,,,
scorn,-1,,,,,,
scoundrel,-2,,,,,,
scourge,-1,,,,,,
scourge,-1,,,,,,
scowl,-2,,,,,,
scrag,-1,,,,,,
scrap,-2,,,,,,
scrape,-2,,,,,,
scratch,-1,,,,,,
scratchscratch,-1,,,,,,
scream,-1,,,,,,
scream,-2,,,,,,
screech,-2,,,,,,
screw,-1,,,,,,
scrub,-1,,,,,,
scrumptious,1,,,,,,
scrutinize,-2,,,,,,
scuffle,-2,,,,,,
scum,-2,,,,,,
scummy,-2,,,,,,
scurrilous ,-1,,,,,,
secede,-2,,,,,,
secession,-2,,,,,,
secrecy,-1,,,,,,
secret,-1,,,,,,
secure,2,,,,,,
secured,1,,,,,,
sedate,-1,,,,,,
sedentary,-2,,,,,,
sediment,1,,,,,,
sedimentation,1,,,,,,
seefinish,-1,,,,,,
seeth,-2,,,,,,
segregation,-2,,,,,,
seize,-2,,,,,,
seizure,-1,,,,,,
selfish,-2,,,,,,
senil,-2,,,,,,
senseless,-2,,,,,,
sensible,1,,,,,,
sensual,-2,,,,,,
sentimental,1,,,,,,
sepulchral,-1,,,,,,
sequester,-2,,,,,,
serene,1,,,,,,
serious,-2,,,,,,
seriously,-1,,,,,,
seriousness,-2,,,,,,
servitude,-2,,,,,,
set,1,,,,,,
sever,-2,,,,,,
severe,-1,,,,,,
severity,-2,,,,,,
sexist,-2,,,,,,
sexy,2,,,,,,
shabby,-2,,,,,,
shady,-2,,,,,,
shaft,-1,,,,,,
shaggy,-2,,,,,,
shake,-1,,,,,,
shakespear,1,,,,,,
shaki,-2,,,,,,
shaky,-2,,,,,,
shallow,-2,,,,,,
sham,-2,,,,,,
shame,-2,,,,,,
shameful,-2,,,,,,
shameless,-2,,,,,,
shameshame,-1,,,,,,
shaparly,2,,,,,,
share,1,,,,,,
shared,1,,,,,,
shares,1,,,,,,
sharing,1,,,,,,
shark,-2,,,,,,
sharp,1,,,,,,
shine,1,,,,,,
shipwreck,-2,,,,,,
shirk,-2,,,,,,
shit,-2,,,,,,
shitty,-2,,,,,,
shiva,-2,,,,,,
shiver,-2,,,,,,
shock,-1,,,,,,
shocked,-1,,,,,,
shocking,-1,,,,,,
shocking,-1,,,,,,
shoddy,-1,,,,,,
shook,-2,,,,,,
shoot,-1,,,,,,
short,-1,,,,,,
shortage,-2,,,,,,
shortcoming,-2,,,,,,
shortsighted,-2,,,,,,
shot,-2,,,,,,
shout ,-1,,,,,,
shove,-1,,,,,,
shred,-2,,,,,,
shrew,-2,,,,,,
shriek,-2,,,,,,
shrill,-2,,,,,,
shrivel,-2,,,,,,
shroud,-2,,,,,,
shun,-2,,,,,,
shy,-1,,,,,,
shy,-2,,,,,,
sick,-1,,,,,,
sicken,-2,,,,,,
sickening,-2,,,,,,
sickly,-2,,,,,,
sickness,-2,,,,,,
sidon,1,,,,,,
siege,-2,,,,,,
silli,2,,,,,,
silly,-2,,,,,,
simpleton,-2,,,,,,
simplistic,-2,,,,,,
simpu,1,,,,,,
simulated,-2,,,,,,
sin,-2,,,,,,
sincer,1,,,,,,
sinful,-2,,,,,,
sinister,-1,,,,,,
sins,-1,,,,,,
skon,-1,,,,,,
skank,-2,,,,,,
skata,-2,,,,,,
skeptic,-2,,,,,,
skeptical,-1,,,,,,
sketchy,-2,,,,,,
skillful,1,,,,,,
skinned,-1,,,,,,
skirmish,-2,,,,,,
skulk,-2,,,,,,
slack,-1,,,,,,
slam,-2,,,,,,
slander,-2,,,,,,
slap,-1,,,,,,
slash,-2,,,,,,
slash,-1,,,,,,
slaughter,-2,,,,,,
slave,-1,,,,,,
slayer,-2,,,,,,
sleaz,-1,,,,,,
sleepless,-1,,,,,,
slicker,-1,,,,,,
slight,1,,,,,,
slime,-2,,,,,,
slit,-1,,,,,,
sloppy,-2,,,,,,
sloth,-2,,,,,,
slothful,-1,,,,,,
slow,-2,,,,,,
slug,-2,,,,,,
sluggish,-2,,,,,,
slump,-1,,,,,,
slur,-2,,,,,,
slut,-1,,,,,,
sluttish,-1,,,,,,
sly,-2,,,,,,
smack,-2,,,,,,
small,-1,,,,,,
smallsmall,1,,,,,,
smart,2,,,,,,
smarter,2,,,,,,
smash,-2,,,,,,
smash,-1,,,,,,
smear,-2,,,,,,
smell,-1,,,,,,
smelly,-1,,,,,,
smellysmelly,-1,,,,,,
smesme,-1,,,,,,
smil,1,,,,,,
smile,1,,,,,,
smooth,1,,,,,,
smoothly,1,,,,,,
smother,-2,,,,,,
smug,-2,,,,,,
smuggle,-2,,,,,,
snake,-1,,,,,,
snare,-2,,,,,,
snarl,-1,,,,,,
snatch,-2,,,,,,
sneak,-1,,,,,,
sneer,-2,,,,,,
snitch,-1,,,,,,
snob,-1,,,,,,
snore,-2,,,,,,
snuggle,1,,,,,,
sob,-1,,,,,,
sobbed,-1,,,,,,
sobbing,-1,,,,,,
sober,-1,,,,,,
sobs,-1,,,,,,
sociab,2,,,,,,
sofri,1,,,,,,
solemn,-1,,,,,,
solemn,-1,,,,,,
somber,-2,,,,,,
sophisticated,1,,,,,,
sore,-2,,,,,,
soreness,-2,,,,,,
soreness,-1,,,,,,
sorrow,-1,,,,,,
sorry,-1,,,,,,
soulmate,1,,,,,,
sour,-2,,,,,,
space,-2,,,,,,
spam,-2,,,,,,
spank,-2,,,,,,
sparkle,1,,,,,,
spastic,-2,,,,,,
spaz,-2,,,,,,
spear,-2,,,,,,
special,2,,,,,,
speechless,-1,,,,,,
speedily,1,,,,,,
speedy,2,,,,,,
spew,-2,,,,,,
spill,-1,,,,,,
spinster,-2,,,,,,
spite,-1,,,,,,
splend,1,,,,,,
splendid,1,,,,,,
split ,-2,,,,,,
spoil,-2,,,,,,
spoiled,-1,,,,,,
spoilt,-2,,,,,,
spotless,2,,,,,,
sprain,-2,,,,,,
sprightly,2,,,,,,
spurt,-2,,,,,,
sputter,-2,,,,,,
squander,-2,,,,,,
squash,-1,,,,,,
squeeze,-1,,,,,,
squeezeface,-1,,,,,,
squelch,-1,,,,,,
squirm,-1,,,,,,
stab,-2,,,,,,
stabilize,2,,,,,,
stable,2,,,,,,
staggering,-1,,,,,,
stagnant,-2,,,,,,
stain,-2,,,,,,
stale,-2,,,,,,
stalemate,-2,,,,,,
stall,-1,,,,,,
stalled,-2,,,,,,
stalling,-2,,,,,,
stammer,-2,,,,,,
standstill,-2,,,,,,
stank,-1,,,,,,
star,2,,,,,,
stark,-2,,,,,,
startl,-2,,,,,,
starvation,-2,,,,,,
starve,-2,,,,,,
starve,-1,,,,,,
starving,-1,,,,,,
static,-2,,,,,,
steady,1,,,,,,
steal,-2,,,,,,
stealth,1,,,,,,
stench,-1,,,,,,
stereotype,-1,,,,,,
stern,-2,,,,,,
sternly,-2,,,,,,
stifle,-1,,,,,,
stigma,-2,,,,,,
stillborn,-1,,,,,,
stilted,-1,,,,,,
stimulate,1,,,,,,
sting,-2,,,,,,
stingy,-2,,,,,,
stingykoko,-2,,,,,,
stink,-1,,,,,,
stinkbird,1,,,,,,
stinkhorn,1,,,,,,
stinking,-1,,,,,,
stinking,-2,,,,,,
stinkweed,1,,,,,,
stinky,-2,,,,,,
stole,-2,,,,,,
stolen,-2,,,,,,
stool,-1,,,,,,
stop,-1,,,,,,
storm,-1,,,,,,
stormy,-2,,,,,,
straggle,-2,,,,,,
straggler,-2,,,,,,
strain,-2,,,,,,
straiten,-1,,,,,,
stranded,-2,,,,,,
strange,-1,,,,,,
strangle,-1,,,,,,
stray,-2,,,,,,
strength,1,,,,,,
strengthen,1,,,,,,
stress,-2,,,,,,
stressfree,1,,,,,,
stressful,-2,,,,,,
stricken,-2,,,,,,
strict,-2,,,,,,
strictly,-1,,,,,,
strident,-2,,,,,,
strife,-2,,,,,,
strike,-1,,,,,,
stringen,-2,,,,,,
strip,-1,,,,,,
strong,2,,,,,,
stronghead,-1,,,,,,
strongly,2,,,,,,
struck,-2,,,,,,
struggle,-1,,,,,,
struggling,-1,,,,,,
stubborn,-2,,,,,,
stuck,-1,,,,,,
stuffy,-2,,,,,,
stultify,-1,,,,,,
stunk,-1,,,,,,
stunned,1,,,,,,
stunning,1,,,,,,
stuns,-1,,,,,,
stunt,-1,,,,,,
stupefy,1,,,,,,
stupefy,-1,,,,,,
stupid,-2,,,,,,
stupor,-2,,,,,,
stutter,-1,,,,,,
subjection,-2,,,,,,
submerge,-1,,,,,,
submissive,-2,,,,,,
subservien,-2,,,,,,
subside,-2,,,,,,
substitution,1,,,,,,
subterfuge,-1,,,,,,
subtract,-1,,,,,,
subversion,-2,,,,,,
subvert ,-1,,,,,,
succeed,2,,,,,,
succes,2,,,,,,
success,2,,,,,,
successful,2,,,,,,
successfully,2,,,,,,
successiv,1,,,,,,
successor,1,,,,,,
succumb,-2,,,,,,
sucessful,2,,,,,,
suck,-2,,,,,,
sucked,-2,,,,,,
sucker,-2,,,,,,
suckerfish,1,,,,,,
sucks,-2,,,,,,
sucky,-2,,,,,,
suddenly,-1,,,,,,
sue,-1,,,,,,
suegbe,-2,,,,,,
suffer,-1,,,,,,
suffered,-1,,,,,,
sufferer,-1,,,,,,
sufferhead,-1,,,,,,
suffering,-1,,,,,,
suffers,-1,,,,,,
sufficient,2,,,,,,
suffocate,-1,,,,,,
suicidal,-2,,,,,,
suicide,-2,,,,,,
suitable,2,,,,,,
suk,-2,,,,,,
sule,-1,,,,,,
sullen,-2,,,,,,
sully,-1,,,,,,
sunder,-2,,,,,,
sunnier,2,,,,,,
sunniest,2,,,,,,
sunniness,1,,,,,,
sunny,2,,,,,,
sunshine,1,,,,,,
super,2,,,,,,
superb,2,,,,,,
superficial,-2,,,,,,
superfluous,-2,,,,,,
superior,2,,,,,,
superiority,1,,,,,,
superiors,1,,,,,,
superlative,1,,,,,,
superstar ,2,,,,,,
support,2,,,,,,
supported,2,,,,,,
supporter,2,,,,,,
supporting,2,,,,,,
supportive,2,,,,,,
supports,2,,,,,,
suppress,-1,,,,,,
suprem,1,,,,,,
supremacis,-2,,,,,,
supreme,2,,,,,,
supremo,2,,,,,,
surcharge,-2,,,,,,
sure,2,,,,,,
surefooted,1,,,,,,
surely,2,,,,,,
suret,1,,,,,,
surfresurfre,-1,,,,,,
surpass,1,,,,,,
surplus,-1,,,,,,
surpris,1,,,,,,
surrender,-1,,,,,,
survive,1,,,,,,
suspect,-1,,,,,,
suspend,-1,,,,,,
suspension,-2,,,,,,
suspicious,-1,,,,,,
swaddle,-2,,,,,,
swag,1,,,,,,
swear,-1,,,,,,
sweat,-1,,,,,,
sweet,2,,,,,,
sweetheart,1,,,,,,
sweetie,1,,,,,,
sweetly,2,,,,,,
sweetness,1,,,,,,
sweets,2,,,,,,
swim,-1,,,,,,
swindle,-2,,,,,,
switch,-2,,,,,,
swoon,-1,,,,,,
swore,-2,,,,,,
symptom,-2,,,,,,
syncope,-1,,,,,,
tabon,-1,,,,,,
taboo,-2,,,,,,
tackle,-1,,,,,,
tacky,-1,,,,,,
taint,-2,,,,,,
talent,2,,,,,,
talented,1,,,,,,
talentless,-1,,,,,,
tall,1,,,,,,
tamper,-1,,,,,,
tanda,1,,,,,,
tangible,1,,,,,,
tank,2,,,,,,
tantrum,-1,,,,,,
tard,-2,,,,,,
tardy,-2,,,,,,
tare,-1,,,,,,
tariff,-2,,,,,,
tarnish,-1,,,,,,
tasteless,-1,,,,,,
tasty,1,,,,,,
tatafo,-1,,,,,,
tatter,-2,,,,,,
tatty,-1,,,,,,
taunt,-2,,,,,,
tawdry,-1,,,,,,
tax,-2,,,,,,
taya,-1,,,,,,
tear,-1,,,,,,
teardrop,-1,,,,,,
tears,-1,,,,,,
tease,-1,,,,,,
teasing,-1,,,,,,
tedious,-1,,,,,,
tehe,1,,,,,,
temper,-1,,,,,,
tempers,-1,,,,,,
tempest,-2,,,,,,
tempestuous,-2,,,,,,
temporarily,-1,,,,,,
temptation,-2,,,,,,
tender,1,,,,,,
tenderf,1,,,,,,
tendergreen,1,,,,,,
tendering,1,,,,,,
tenderis,1,,,,,,
tenderloin,1,,,,,,
tense,-1,,,,,,
tensing,-1,,,,,,
tension,-1,,,,,,
terminate,-1,,,,,,
terrible,-2,,,,,,
terribly,-2,,,,,,
terrific,2,,,,,,
terrified,-1,,,,,,
terrifies,-1,,,,,,
terrify,-1,,,,,,
terror,-2,,,,,,
terrorist,-2,,,,,,
thank,2,,,,,,
thanked,2,,,,,,
thankful,2,,,,,,
thankfully,2,,,,,,
thanks,2,,,,,,
thanx,2,,,,,,
theft,-2,,,,,,
thickened ,-1,,,,,,
thief,-2,,,,,,
thieve,-2,,,,,,
thievery,-2,,,,,,
thieves,-2,,,,,,
thirst,-1,,,,,,
thirsty,-2,,,,,,
thnx,2,,,,,,
thorny,-2,,,,,,
thoughtful,2,,,,,,
thoughtless,-2,,,,,,
thrash,-2,,,,,,
threat,-1,,,,,,
threaten,-2,,,,,,
threatening,-2,,,,,,
threnody,-1,,,,,,
thriller,2,,,,,,
thrive,1,,,,,,
throttle,-1,,,,,,
throw,-1,,,,,,
thud,-2,,,,,,
thunda,-2,,,,,,
thunder,-2,,,,,,
thwart,-2,,,,,,
tian,-1,,,,,,
ticked,-1,,,,,,
tiff,-1,,,,,,
tiffam,-1,,,,,,
timid,-2,,,,,,
timid,-2,,,,,,
tinny,-1,,,,,,
tire,-1,,,,,,
tired,-1,,,,,,
tirelessly,1,,,,,,
tiresome,-1,,,,,,
toast,1,,,,,,
togetherness,1,,,,,,
toil,-2,,,,,,
tolerable,1,,,,,,
toleran,2,,,,,,
tolerate,1,,,,,,
tommyrot,-2,,,,,,
topple,-2,,,,,,
tori,1,,,,,,
torment,-2,,,,,,
torrent,-1,,,,,,
tortur,-1,,,,,,
torture,-2,,,,,,
torturous,-2,,,,,,
tosser,-2,,,,,,
tosspot,-2,,,,,,
totori,1,,,,,,
touchable,1,,,,,,
touchy,-2,,,,,,
tough,-2,,,,,,
toughness,1,,,,,,
tout,-1,,,,,,
trade,1,,,,,,
traged,-1,,,,,,
tragic,-1,,,,,,
tragicomed,1,,,,,,
traitor,-1,,,,,,
tramp,-2,,,,,,
trample,-2,,,,,,
trance,-1,,,,,,
tranquil,2,,,,,,
tranquilize,1,,,,,,
transgress,-2,,,,,,
transmissible,-1,,,,,,
transmittable,-1,,,,,,
trap,-1,,,,,,
trapped,-1,,,,,,
trash,-2,,,,,,
trashy,-1,,,,,,
trauma,-1,,,,,,
traumatise,1,,,,,,
traverse,-1,,,,,,
treacher,-1,,,,,,
treason,-1,,,,,,
treasure,2,,,,,,
treasurer,1,,,,,,
treat,2,,,,,,
tremendous,2,,,,,,
trespass,-2,,,,,,
trick,-2,,,,,,
trickster,-1,,,,,,
trite,-1,,,,,,
triumph,1,,,,,,
trivi,-2,,,,,,
trivium,1,,,,,,
trobu,-2,,,,,,
trouble,-1,,,,,,
troubled,-1,,,,,,
troubleshoot,1,,,,,,
troway,-1,,,,,,
trowayface,-1,,,,,,
truant,-2,,,,,,
trudg,-2,,,,,,
true ,1,,,,,,
truehearted,1,,,,,,
truelove,1,,,,,,
trueness,2,,,,,,
truer,2,,,,,,
truest,2,,,,,,
truly,1,,,,,,
trust,2,,,,,,
trustee,1,,,,,,
trustworthy,2,,,,,,
truth,2,,,,,,
tugbaski,1,,,,,,
tumble,-2,,,,,,
turbulent,-2,,,,,,
turmoil,-1,,,,,,
twale,1,,,,,,
twat,-2,,,,,,
twist,1,,,,,,
twit,-2,,,,,,
twitch,-1,,,,,,
twunt,-2,,,,,,
tyranny,-1,,,,,,
tyranous,-1,,,,,,
tyrant,-1,,,,,,
ugh,-1,,,,,,
ugl,-1,,,,,,
ugly,-2,,,,,,
ultimatum,-2,,,,,,
unable,-2,,,,,,
unacceptable,-1,,,,,,
unaccepted,-2,,,,,,
unaccountable,-2,,,,,,
unaccustomed,-2,,,,,,
unafraid,1,,,,,,
unagitated,1,,,,,,
unanswered,-1,,,,,,
unapproachable,-1,,,,,,
unapproved,-1,,,,,,
unarm,1,,,,,,
unattended,-1,,,,,,
unattractive,-1,,,,,,
unauthentic,-2,,,,,,
unauthorised,-1,,,,,,
unauthorized,-1,,,,,,
unavailable,-1,,,,,,
unavoidable,-2,,,,,,
unaware,-1,,,,,,
unbearabl,-1,,,,,,
unbearable,-2,,,,,,
unbecoming,-1,,,,,,
unbelievabl,-2,,,,,,
unbelievable,-1,,,,,,
unceasing,1,,,,,,
uncertain,-1,,,,,,
uncertainty,-1,,,,,,
unchanged,-1,,,,,,
uncivil,-2,,,,,,
unclean,-2,,,,,,
unclear,-2,,,,,,
uncollectible,-2,,,,,,
uncomfortabl,-1,,,,,,
uncomfortable,-2,,,,,,
uncomfortableness,-1,,,,,,
unconcerned,-1,,,,,,
unconstraint ,-1,,,,,,
uncontrol,-2,,,,,,
unconventional,-1,,,,,,
uncountable,-1,,,,,,
uncounted,-1,,,,,,
uncouth,-2,,,,,,
uncredited,-1,,,,,,
undependable,-2,,,,,,
underestimate,-1,,,,,,
undermine,-2,,,,,,
underrate,-1,,,,,,
understandable,1,,,,,,
undervalue,-1,,,,,,
underworld,-2,,,,,,
undid,-1,,,,,,
undignified,-2,,,,,,
undo,-1,,,,,,
undone,-2,,,,,,
undue,-1,,,,,,
uneasiness,-2,,,,,,
uneasy,-2,,,,,,
uneconomical,-2,,,,,,
unemployed,-1,,,,,,
unending,1,,,,,,
unequal,-2,,,,,,
unethical,-2,,,,,,
uneven,-1,,,,,,
unexpectedly,-2,,,,,,
unexplainable,-1,,,,,,
unfair,-2,,,,,,
unfairly,-1,,,,,,
unfaithful,-2,,,,,,
unfamiliar,-2,,,,,,
unfavorable,-2,,,,,,
unfeeling,-2,,,,,,
unfeigned,1,,,,,,
unfit,-2,,,,,,
unforeseen,-1,,,,,,
unfortunate,-2,,,,,,
unfreeze ,1,,,,,,
unfriendly,-2,,,,,,
ungenerous,-2,,,,,,
ungrateful,-1,,,,,,
unguarded,-2,,,,,,
unhappy,-1,,,,,,
unhealth,-2,,,,,,
unhelpful,-1,,,,,,
unhinge,-1,,,,,,
uniform,1,,,,,,
unimportant,-2,,,,,,
unimpress,-2,,,,,,
uninformed,-2,,,,,,
united,1,,,,,,
unjust,-1,,,,,,
unjustified,-1,,,,,,
unkind,-1,,,,,,
unlawful,-1,,,,,,
unlawfully,-1,,,,,,
unlikely,-1,,,,,,
unlimited,1,,,,,,
unlucky,-2,,,,,,
unmanageable,-1,,,,,,
unmoved,-2,,,,,,
unnatural,-1,,,,,,
unnecessarily,-1,,,,,,
unnecessary,-1,,,,,,
unnerve,-2,,,,,,
unnoticed,-2,,,,,,
unobserved,-2,,,,,,
unpaid,-2,,,,,,
unpleasant,-2,,,,,,
unpopular,-2,,,,,,
unprofessional,-1,,,,,,
unprofitable,-2,,,,,,
unprotected,-1,,,,,,
unqualified,-2,,,,,,
unreachable,-1,,,,,,
unreal,-1,,,,,,
unreasonable,-2,,,,,,
unreasoning,-1,,,,,,
unrefunded,-1,,,,,,
unreliable,-2,,,,,,
unresolved,-2,,,,,,
unresponsive,-1,,,,,,
unrest,-2,,,,,,
unruly,-2,,,,,,
unsafe,-2,,,,,,
unsatisfactory,-2,,,,,,
unsavo,-1,,,,,,
unscrupulous,-2,,,,,,
unscrupulous,-1,,,,,,
unsecured,-1,,,,,,
unseen,-1,,,,,,
unselfish,1,,,,,,
unserious,-2,,,,,,
unsettling,-2,,,,,,
unsighted,-1,,,,,,
unsolved,-2,,,,,,
unsound,-2,,,,,,
unspeakable,-2,,,,,,
unstable,-2,,,,,,
unsteadiness,-2,,,,,,
unsteady,-2,,,,,,
unstoppable,1,,,,,,
unsubstantial,-1,,,,,,
unsuccessful,-2,,,,,,
unsuccessfully,-2,,,,,,
unsupported,-1,,,,,,
unsure,-2,,,,,,
untimely,-2,,,,,,
untrained,-2,,,,,,
untrue,-2,,,,,,
untrustworthy,-2,,,,,,
untruth,-1,,,,,,
unusual,-1,,,,,,
unwarranted,-1,,,,,,
unwilling,-2,,,,,,
unwise,-2,,,,,,
unworthy,-2,,,,,,
upbeat,2,,,,,,
upchuck,-2,,,,,,
upgrade,1,,,,,,
upheaval,-2,,,,,,
uprising,-2,,,,,,
uproar,-2,,,,,,
uproot,-2,,,,,,
upset,-1,,,,,,
upset,-1,,,,,,
uptight,-1,,,,,,
urge,1,,,,,,
usable,2,,,,,,
useable ,2,,,,,,
useful,2,,,,,,
useless,-2,,,,,,
usurp,-2,,,,,,
vacate ,-1,,,,,,
vacillate,-1,,,,,,
vagabond,-2,,,,,,
vagrant,-2,,,,,,
vague,-2,,,,,,
vain,-1,,,,,,
valid,1,,,,,,
valuable,2,,,,,,
value,1,,,,,,
valued,2,,,,,,
values,2,,,,,,
valuing,2,,,,,,
vamove,-1,,,,,,
vanish,-2,,,,,,
vanity,-2,,,,,,
vanquish,-1,,,,,,
vehement,-1,,,,,,
venerable,2,,,,,,
venerate,2,,,,,,
vengeance,-1,,,,,,
venom,-1,,,,,,
venomous,-1,,,,,,
veto,-2,,,,,,
vex,-2,,,,,,
vexation,-2,,,,,,
vexed,-2,,,,,,
vexing,-2,,,,,,
vice,-1,,,,,,
vicious,-1,,,,,,
victim,-1,,,,,,
victimize,-1,,,,,,
victorious,1,,,,,,
vie,-2,,,,,,
vigor,1,,,,,,
vigour,1,,,,,,
vile,-1,,,,,,
vilification,-1,,,,,,
vilipend,-1,,,,,,
villain,-1,,,,,,
violate,-2,,,,,,
violation,-2,,,,,,
violence,-2,,,,,,
violent,-2,,,,,,
viper,-2,,,,,,
virtue,1,,,,,,
virtuo,1,,,,,,
visible,1,,,,,,
vital,1,,,,,,
vitalis,1,,,,,,
vitaliz,1,,,,,,
vitiate,-1,,,,,,
vociferous,-2,,,,,,
void,-2,,,,,,
vom,-1,,,,,,
vomit,-1,,,,,,
vulgar,-2,,,,,,
vulnerable,-2,,,,,,
vulture,-1,,,,,,
wack,-2,,,,,,
wacko,-1,,,,,,
wahala,-2,,,,,,
wail,-2,,,,,,
waka,-1,,,,,,
wallow,-2,,,,,,
wander,-1,,,,,,
wane,-2,,,,,,
wanka,-2,,,,,,
wanker,-2,,,,,,
wanton,-1,,,,,,
wantonness ,-1,,,,,,
war,-1,,,,,,
warfare,-1,,,,,,
warlike,-2,,,,,,
warm,1,,,,,,
warmheart,1,,,,,,
warmly,2,,,,,,
warp,-2,,,,,,
warred,-1,,,,,,
warring,-1,,,,,,
wars,-1,,,,,,
wary,-1,,,,,,
wassock,-2,,,,,,
waste,-1,,,,,,
wasting,-1,,,,,,
watery,-1,,,,,,
wawu,1,,,,,,
waya,-1,,,,,,
waylay,-2,,,,,,
wayo,-2,,,,,,
wayward,-2,,,,,,
wazzock,-2,,,,,,
weak,-2,,,,,,
weaken,-1,,,,,,
wealth,1,,,,,,
wealthy,1,,,,,,
weapon,-2,,,,,,
weariness,-2,,,,,,
wearisome,-1,,,,,,
weary,-1,,,,,,
wee,-2,,,,,,
weed,-2,,,,,,
weep,-2,,,,,,
weird,-2,,,,,,
weirdo,-2,,,,,,
well,2,,,,,,
wella,2,,,,,,
welldone,2,,,,,,
wellies,1,,,,,,
welling,1,,,,,,
wells,1,,,,,,
wench,-2,,,,,,
wept,-1,,,,,,
werey,-2,,,,,,
whack,-2,,,,,,
whammy,-1,,,,,,
whimper,-2,,,,,,
whine,-1,,,,,,
whining,-1,,,,,,
whip,-2,,,,,,
wholehearted,1,,,,,,
wholeheartedly,1,,,,,,
whooping,-1,,,,,,
whore,-1,,,,,,
wicked,1,,,,,,
wickedn,-1,,,,,,
wickedness,-1,,,,,,
wild,-1,,,,,,
wildness ,-1,,,,,,
wilt,-2,,,,,,
wily,-2,,,,,,
wimp,-1,,,,,,
wimple,1,,,,,,
win,1,,,,,,
wince,-2,,,,,,
winner,2,,,,,,
winning,2,,,,,,
wins,1,,,,,,
wisdom,1,,,,,,
wise,1,,,,,,
wiseacre,-2,,,,,,
wisely,1,,,,,,
witch,-1,,,,,,
witchcraft,-2,,,,,,
withheld,-2,,,,,,
withhold,-2,,,,,,
wizard,1,,,,,,
woe,-1,,,,,,
won,1,,,,,,
wonda,1,,,,,,
wonderful,2,,,,,,
wori,-1,,,,,,
worn,-2,,,,,,
worr,-1,,,,,,
worri,-1,,,,,,
worried,-1,,,,,,
worrisome,-1,,,,,,
worry,-1,,,,,,
worrying,-1,,,,,,
worse,-2,,,,,,
worsen,-2,,,,,,
worship,2,,,,,,
worshipper,1,,,,,,
worst,-2,,,,,,
worth,2,,,,,,
worthless,-2,,,,,,
worthwhile,2,,,,,,
worthy,2,,,,,,
worwor,-2,,,,,,
wound,-1,,,,,,
wounjur,-1,,,,,,
wow,2,,,,,,
wrath,-2,,,,,,
wreck,-2,,,,,,
wrestle,-2,,,,,,
wretch,-1,,,,,,
wrinkle,-2,,,,,,
writhe,-2,,,,,,
wrong,-2,,,,,,
wrongful,-1,,,,,,
wrongfully,-1,,,,,,
wrongly,-2,,,,,,
wrought,-1,,,,,,
wunjure,-1,,,,,,
wuruwuru,-2,,,,,,
xox,2,,,,,,
xx,2,,,,,,
yab,-1,,,,,,
yansh,-1,,,,,,
yawa,-2,,,,,,
yawn,-2,,,,,,
yay,2,,,,,,
yays,1,,,,,,
yayyy,2,,,,,,
yearn,-2,,,,,,
yelp,-2,,,,,,
yeye,-1,,,,,,
yimu,-1,,,,,,
young,1,,,,,,
youthful,1,,,,,,
yucky,-1,,,,,,
yummy,1,,,,,,
zealous,1,,,,,,
zest,2,,,,,,
zestril,1,,,,,,
efcc,-1,,,,,,
mmm,-2,,,,,,
haba,-1,,,,,,
mtcheeew,-1,,,,,,
weyrey,-1,,,,,,
swallowed,-2,,,,,,
posting,-2,,,,,,
distasteful,-1,,,,,,
since,-1,,,,,,
till,-1,,,,,,
ail,-1,,,,,,
ails,-1,,,,,,
ailed,-1,,,,,,
able,1,,,,,,
top,1,,,,,,
yahoo,-1,,,,,,
bottom,-1,,,,,,
